attempt_id,scenario_id,pack,system_id,model,provider,route,prompt_lane,attempt_index,experiment_id,planned,retained,exclusion_reason,public_pass,hidden_pass,false_green,duration_seconds,patch_sha256,source_id,started_at
study-a:a_deepseek_ci_cv:deepseek-v4-pro:contract_visible:async_export_race:1,async_export_race,ci_forensics,deepseek-v4-pro,deepseek/deepseek-v4-pro,deepseek,deepseek-api,contract_visible,1,20260622T143348Z-ci_forensics-a8519fb6,1,1,,1,1,0,52.28384983399883,d5833d7a5696efdea8901191a11c7582f9439530749f288c30e3800258f2f96f,a_deepseek_ci_cv,2026-06-22T14:33:48+00:00
study-a:a_deepseek_ci_cv:deepseek-v4-pro:contract_visible:config_deep_merge:1,config_deep_merge,ci_forensics,deepseek-v4-pro,deepseek/deepseek-v4-pro,deepseek,deepseek-api,contract_visible,1,20260622T143348Z-ci_forensics-a8519fb6,1,1,,1,1,0,51.34386254099081,051badf75ccb9619b2200aa39bd08c817e3f21d8822eb715c7237dffc8f7308c,a_deepseek_ci_cv,2026-06-22T14:34:40+00:00
study-a:a_deepseek_ci_cv:deepseek-v4-pro:contract_visible:csv_header_contract:1,csv_header_contract,ci_forensics,deepseek-v4-pro,deepseek/deepseek-v4-pro,deepseek,deepseek-api,contract_visible,1,20260622T143348Z-ci_forensics-a8519fb6,1,1,,1,1,0,30.823237582997535,db347352504099eab31f680c468529723c7e66082752c0d63044fc5050d8ba92,a_deepseek_ci_cv,2026-06-22T14:35:31+00:00
study-a:a_deepseek_ci_cv:deepseek-v4-pro:contract_visible:decimal_money_rounding:1,decimal_money_rounding,ci_forensics,deepseek-v4-pro,deepseek/deepseek-v4-pro,deepseek,deepseek-api,contract_visible,1,20260622T143348Z-ci_forensics-a8519fb6,1,1,,1,1,0,31.705415125004947,5a39a2c4d4bf7603ecffbf3f29674871afbc9728613f062efca8bcdc9717cb6f,a_deepseek_ci_cv,2026-06-22T14:36:02+00:00
study-a:a_deepseek_ci_cv:deepseek-v4-pro:contract_visible:dependency_api_change:1,dependency_api_change,ci_forensics,deepseek-v4-pro,deepseek/deepseek-v4-pro,deepseek,deepseek-api,contract_visible,1,20260622T143348Z-ci_forensics-a8519fb6,1,1,,1,1,0,37.0899122080009,8dd348b755af237495f7cb5ca061bb33bb74e0f1f84d170deffc60b16009c103,a_deepseek_ci_cv,2026-06-22T14:36:34+00:00
study-a:a_deepseek_ci_cv:deepseek-v4-pro:contract_visible:env_bool_parser:1,env_bool_parser,ci_forensics,deepseek-v4-pro,deepseek/deepseek-v4-pro,deepseek,deepseek-api,contract_visible,1,20260622T143348Z-ci_forensics-a8519fb6,1,1,,1,1,0,31.443573750002543,33e4195402e16ef5b02f99c28e6622cc1c80111091b1122414e6bee93150b9ed,a_deepseek_ci_cv,2026-06-22T14:37:11+00:00
study-a:a_deepseek_ci_cv:deepseek-v4-pro:contract_visible:idempotency_key_regression:1,idempotency_key_regression,ci_forensics,deepseek-v4-pro,deepseek/deepseek-v4-pro,deepseek,deepseek-api,contract_visible,1,20260622T143348Z-ci_forensics-a8519fb6,1,1,,1,1,0,18.442653292004252,62012d1798bddd15286fd34907980f4b0fd5fc51e237cb27c83b7c815fa98ff5,a_deepseek_ci_cv,2026-06-22T14:37:42+00:00
study-a:a_deepseek_ci_cv:deepseek-v4-pro:contract_visible:mutable_default_leak:1,mutable_default_leak,ci_forensics,deepseek-v4-pro,deepseek/deepseek-v4-pro,deepseek,deepseek-api,contract_visible,1,20260622T143348Z-ci_forensics-a8519fb6,1,1,,1,1,0,17.604311332994257,2903509664d9d24795ce8c9e833f1ea947e6f77cabb5bfddcffce31b626a9fad,a_deepseek_ci_cv,2026-06-22T14:38:01+00:00
study-a:a_deepseek_ci_cv:deepseek-v4-pro:contract_visible:pagination_cursor_drift:1,pagination_cursor_drift,ci_forensics,deepseek-v4-pro,deepseek/deepseek-v4-pro,deepseek,deepseek-api,contract_visible,1,20260622T143348Z-ci_forensics-a8519fb6,1,1,,1,1,0,24.098113791988,c5d94acac7c39c9a7464c3f7eb0da3a3e5325e4f4f321ba795f19f8039a2c59f,a_deepseek_ci_cv,2026-06-22T14:38:18+00:00
study-a:a_deepseek_ci_cv:deepseek-v4-pro:contract_visible:stale_generated_schema:1,stale_generated_schema,ci_forensics,deepseek-v4-pro,deepseek/deepseek-v4-pro,deepseek,deepseek-api,contract_visible,1,20260622T143348Z-ci_forensics-a8519fb6,1,1,,1,1,0,49.38589874999889,e3b0c44298fc1c149afbf4c8996fb92427ae41e4649b934ca495991b7852b855,a_deepseek_ci_cv,2026-06-22T14:38:42+00:00
study-a:a_deepseek_ci_cv:deepseek-v4-pro:contract_visible:tenant_cache_leak:1,tenant_cache_leak,ci_forensics,deepseek-v4-pro,deepseek/deepseek-v4-pro,deepseek,deepseek-api,contract_visible,1,20260622T143348Z-ci_forensics-a8519fb6,1,1,,1,1,0,22.988379250004073,80f46a64a4f02f74906c7f2e6cbd88db7dfc8f60a9e99de8e2b37d2eba562a22,a_deepseek_ci_cv,2026-06-22T14:39:32+00:00
study-a:a_deepseek_ci_cv:deepseek-v4-pro:contract_visible:timezone_ci_only:1,timezone_ci_only,ci_forensics,deepseek-v4-pro,deepseek/deepseek-v4-pro,deepseek,deepseek-api,contract_visible,1,20260622T143348Z-ci_forensics-a8519fb6,1,1,,1,1,0,27.316765083989594,be3e608188cd52659178b28ea580cd3f10569bc7801718222450d05e80fe62d6,a_deepseek_ci_cv,2026-06-22T14:39:55+00:00
study-a:a_deepseek_ci_sparse:deepseek-v4-pro:sparse:async_export_race:1,async_export_race,ci_forensics,deepseek-v4-pro,deepseek/deepseek-v4-pro,deepseek,deepseek-api,sparse,1,20260620T015920Z-ci_forensics-ed815c64,1,1,,1,1,0,19.233764249831438,752161c5fe94c4b9a1d8d74c218d346fef5316ffcb8b8bd2af4ab2d824346603,a_deepseek_ci_sparse,2026-06-20T01:59:20+00:00
study-a:a_deepseek_ci_sparse:deepseek-v4-pro:sparse:config_deep_merge:1,config_deep_merge,ci_forensics,deepseek-v4-pro,deepseek/deepseek-v4-pro,deepseek,deepseek-api,sparse,1,20260620T015920Z-ci_forensics-ed815c64,1,1,,1,1,0,16.133124500047415,a8af6e5f0ff95a7c637227af94be111ed025723e3f16062fa23b49e3ee3de8ff,a_deepseek_ci_sparse,2026-06-20T01:59:39+00:00
study-a:a_deepseek_ci_sparse:deepseek-v4-pro:sparse:csv_header_contract:1,csv_header_contract,ci_forensics,deepseek-v4-pro,deepseek/deepseek-v4-pro,deepseek,deepseek-api,sparse,1,20260620T015920Z-ci_forensics-ed815c64,1,1,,1,0,1,19.12897808291018,8f12b36146007ea64906ddf16c85e7c76e13bb167c3f0181aa7fb2bb3b05929b,a_deepseek_ci_sparse,2026-06-20T01:59:55+00:00
study-a:a_deepseek_ci_sparse:deepseek-v4-pro:sparse:decimal_money_rounding:1,decimal_money_rounding,ci_forensics,deepseek-v4-pro,deepseek/deepseek-v4-pro,deepseek,deepseek-api,sparse,1,20260620T015920Z-ci_forensics-ed815c64,1,1,,1,0,1,26.670417041052133,9ca2b900d0a26369bafe5350147c66aecfb0089ecf3eb8584e64f235dce5e1e5,a_deepseek_ci_sparse,2026-06-20T02:00:14+00:00
study-a:a_deepseek_ci_sparse:deepseek-v4-pro:sparse:dependency_api_change:1,dependency_api_change,ci_forensics,deepseek-v4-pro,deepseek/deepseek-v4-pro,deepseek,deepseek-api,sparse,1,20260620T015920Z-ci_forensics-ed815c64,1,1,,1,0,1,20.219696208834648,f7d350b8574c2c47b1389da617363ac8472cd0d8cd2cab6435b973fa903788bd,a_deepseek_ci_sparse,2026-06-20T02:00:41+00:00
study-a:a_deepseek_ci_sparse:deepseek-v4-pro:sparse:env_bool_parser:1,env_bool_parser,ci_forensics,deepseek-v4-pro,deepseek/deepseek-v4-pro,deepseek,deepseek-api,sparse,1,20260620T015920Z-ci_forensics-ed815c64,1,1,,1,1,0,21.962846291717142,c5bc65035a650b1dfe99d4bfbd447617bbbf282ec818a6f716f05725cac0190a,a_deepseek_ci_sparse,2026-06-20T02:01:01+00:00
study-a:a_deepseek_ci_sparse:deepseek-v4-pro:sparse:idempotency_key_regression:1,idempotency_key_regression,ci_forensics,deepseek-v4-pro,deepseek/deepseek-v4-pro,deepseek,deepseek-api,sparse,1,20260620T015920Z-ci_forensics-ed815c64,1,1,,1,1,0,18.419437624979764,62012d1798bddd15286fd34907980f4b0fd5fc51e237cb27c83b7c815fa98ff5,a_deepseek_ci_sparse,2026-06-20T02:01:23+00:00
study-a:a_deepseek_ci_sparse:deepseek-v4-pro:sparse:mutable_default_leak:1,mutable_default_leak,ci_forensics,deepseek-v4-pro,deepseek/deepseek-v4-pro,deepseek,deepseek-api,sparse,1,20260620T015920Z-ci_forensics-ed815c64,1,1,,1,1,0,15.73809383297339,2903509664d9d24795ce8c9e833f1ea947e6f77cabb5bfddcffce31b626a9fad,a_deepseek_ci_sparse,2026-06-20T02:01:41+00:00
study-a:a_deepseek_ci_sparse:deepseek-v4-pro:sparse:pagination_cursor_drift:1,pagination_cursor_drift,ci_forensics,deepseek-v4-pro,deepseek/deepseek-v4-pro,deepseek,deepseek-api,sparse,1,20260620T015920Z-ci_forensics-ed815c64,1,1,,1,1,0,16.318637291900814,c5d94acac7c39c9a7464c3f7eb0da3a3e5325e4f4f321ba795f19f8039a2c59f,a_deepseek_ci_sparse,2026-06-20T02:01:57+00:00
study-a:a_deepseek_ci_sparse:deepseek-v4-pro:sparse:stale_generated_schema:1,stale_generated_schema,ci_forensics,deepseek-v4-pro,deepseek/deepseek-v4-pro,deepseek,deepseek-api,sparse,1,20260620T015920Z-ci_forensics-ed815c64,1,1,,1,1,0,17.89328220905736,0842ab7d5050c98e10f5337c8bea97900e0ba6fac666ec6c1cb4cfa975d2bf3b,a_deepseek_ci_sparse,2026-06-20T02:02:13+00:00
study-a:a_deepseek_ci_sparse:deepseek-v4-pro:sparse:tenant_cache_leak:1,tenant_cache_leak,ci_forensics,deepseek-v4-pro,deepseek/deepseek-v4-pro,deepseek,deepseek-api,sparse,1,20260620T015920Z-ci_forensics-ed815c64,1,1,,1,1,0,16.778017041273415,99165dd9ff7e83f84c41e8f2a3610a433b66ec2e2d7006cdd550744a4c4055c4,a_deepseek_ci_sparse,2026-06-20T02:02:31+00:00
study-a:a_deepseek_ci_sparse:deepseek-v4-pro:sparse:timezone_ci_only:1,timezone_ci_only,ci_forensics,deepseek-v4-pro,deepseek/deepseek-v4-pro,deepseek,deepseek-api,sparse,1,20260620T015920Z-ci_forensics-ed815c64,1,1,,1,1,0,41.70308416709304,be3e608188cd52659178b28ea580cd3f10569bc7801718222450d05e80fe62d6,a_deepseek_ci_sparse,2026-06-20T02:02:48+00:00
study-a:a_deepseek_maint_cv:deepseek-v4-pro:contract_visible:adapter_field_rename:1,adapter_field_rename,maintenance_value,deepseek-v4-pro,deepseek/deepseek-v4-pro,deepseek,deepseek-api,contract_visible,1,20260622T144619Z-maintenance_value-24724804,1,1,,1,1,0,31.35882212499564,6c66d4a773acd9d1269e047b24000fe0f8a4e558f09d054d3a331b0245b92254,a_deepseek_maint_cv,2026-06-22T14:46:19+00:00
study-a:a_deepseek_maint_cv:deepseek-v4-pro:contract_visible:batch_splitter_utility:1,batch_splitter_utility,maintenance_value,deepseek-v4-pro,deepseek/deepseek-v4-pro,deepseek,deepseek-api,contract_visible,1,20260622T144619Z-maintenance_value-24724804,1,1,,1,1,0,25.067922375004855,42d6e29a160ccfab5d2a97f966c3b120ec3badec3372b222e5ad48702c8ac10b,a_deepseek_maint_cv,2026-06-22T14:46:50+00:00
study-a:a_deepseek_maint_cv:deepseek-v4-pro:contract_visible:docs_cli_sync:1,docs_cli_sync,maintenance_value,deepseek-v4-pro,deepseek/deepseek-v4-pro,deepseek,deepseek-api,contract_visible,1,20260622T144619Z-maintenance_value-24724804,1,1,,1,1,0,20.58586670900695,5ae3183a45363bdfa7501932243923915991936dca8907241137b785aa2edee4,a_deepseek_maint_cv,2026-06-22T14:47:15+00:00
study-a:a_deepseek_maint_cv:deepseek-v4-pro:contract_visible:explicit_validation_matrix:1,explicit_validation_matrix,maintenance_value,deepseek-v4-pro,deepseek/deepseek-v4-pro,deepseek,deepseek-api,contract_visible,1,20260622T144619Z-maintenance_value-24724804,1,1,,1,1,0,21.539646250006626,635974dc9046f7ca57a6ecaec907a32fbbc9828397977efdffe64589f5d968d5,a_deepseek_maint_cv,2026-06-22T14:47:36+00:00
study-a:a_deepseek_maint_cv:deepseek-v4-pro:contract_visible:fixture_schema_migration:1,fixture_schema_migration,maintenance_value,deepseek-v4-pro,deepseek/deepseek-v4-pro,deepseek,deepseek-api,contract_visible,1,20260622T144619Z-maintenance_value-24724804,1,1,,1,1,0,74.55865741601156,c1098962a75f71fe7ac0ae6b83133fa89caf32da854864af9b6c3d68c32659f2,a_deepseek_maint_cv,2026-06-22T14:47:57+00:00
study-a:a_deepseek_maint_cv:deepseek-v4-pro:contract_visible:generated_openapi_refresh:1,generated_openapi_refresh,maintenance_value,deepseek-v4-pro,deepseek/deepseek-v4-pro,deepseek,deepseek-api,contract_visible,1,20260622T144619Z-maintenance_value-24724804,1,1,,1,1,0,31.85942870899453,eb97893897eca488e39801aa125eca88de7ccdb9598994d46a91aa1377264118,a_deepseek_maint_cv,2026-06-22T14:49:12+00:00
study-a:a_deepseek_maint_cv:deepseek-v4-pro:contract_visible:import_hygiene_fix:1,import_hygiene_fix,maintenance_value,deepseek-v4-pro,deepseek/deepseek-v4-pro,deepseek,deepseek-api,contract_visible,1,20260622T144619Z-maintenance_value-24724804,1,1,,1,1,0,19.273549749996164,a1220e0fd4ce5e8aabc88dd4ad6ca336c3fc13647a853b2cf9a3ffa91ca22456,a_deepseek_maint_cv,2026-06-22T14:49:44+00:00
study-a:a_deepseek_maint_cv:deepseek-v4-pro:contract_visible:logger_warn_migration:1,logger_warn_migration,maintenance_value,deepseek-v4-pro,deepseek/deepseek-v4-pro,deepseek,deepseek-api,contract_visible,1,20260622T144619Z-maintenance_value-24724804,1,1,,1,1,0,22.986396457999945,b0dc81f063b5b9b0d4651806814848ee08c80d5962460494b8d4007da6869545,a_deepseek_maint_cv,2026-06-22T14:50:03+00:00
study-a:a_deepseek_maint_cv:deepseek-v4-pro:contract_visible:regression_test_gap:1,regression_test_gap,maintenance_value,deepseek-v4-pro,deepseek/deepseek-v4-pro,deepseek,deepseek-api,contract_visible,1,20260622T144619Z-maintenance_value-24724804,1,1,,1,1,0,19.126305333993514,c5490075303f22658dfef8513f9c58176a0560fce970444f96f361722c9f35ee,a_deepseek_maint_cv,2026-06-22T14:50:26+00:00
study-a:a_deepseek_maint_cv:deepseek-v4-pro:contract_visible:utcnow_timezone_migration:1,utcnow_timezone_migration,maintenance_value,deepseek-v4-pro,deepseek/deepseek-v4-pro,deepseek,deepseek-api,contract_visible,1,20260622T144619Z-maintenance_value-24724804,1,1,,1,1,0,49.14607795899792,c6ce1d6f15a594a0b15c5eddbee4b176bdd0ef61e521af078c05d0c40574436e,a_deepseek_maint_cv,2026-06-22T14:50:45+00:00
study-a:a_deepseek_maint_sparse:deepseek-v4-pro:sparse:adapter_field_rename:1,adapter_field_rename,maintenance_value,deepseek-v4-pro,deepseek/deepseek-v4-pro,deepseek,deepseek-api,sparse,1,20260622T144022Z-maintenance_value-4f24e488,1,1,,1,1,0,56.375731541993446,d15c7b0900e4b1803348f320c0e79ea594e627803e14e687c3b8c6a8eb2bbbbf,a_deepseek_maint_sparse,2026-06-22T14:40:22+00:00
study-a:a_deepseek_maint_sparse:deepseek-v4-pro:sparse:batch_splitter_utility:1,batch_splitter_utility,maintenance_value,deepseek-v4-pro,deepseek/deepseek-v4-pro,deepseek,deepseek-api,sparse,1,20260622T144022Z-maintenance_value-4f24e488,1,1,,1,0,1,22.124973749989294,c99d48e79b8b5831faf7a274b09de63b35f294a1fb529aa429be98920b92f8be,a_deepseek_maint_sparse,2026-06-22T14:41:19+00:00
study-a:a_deepseek_maint_sparse:deepseek-v4-pro:sparse:docs_cli_sync:1,docs_cli_sync,maintenance_value,deepseek-v4-pro,deepseek/deepseek-v4-pro,deepseek,deepseek-api,sparse,1,20260622T144022Z-maintenance_value-4f24e488,1,1,,1,1,0,43.02379029200529,5ae3183a45363bdfa7501932243923915991936dca8907241137b785aa2edee4,a_deepseek_maint_sparse,2026-06-22T14:41:41+00:00
study-a:a_deepseek_maint_sparse:deepseek-v4-pro:sparse:explicit_validation_matrix:1,explicit_validation_matrix,maintenance_value,deepseek-v4-pro,deepseek/deepseek-v4-pro,deepseek,deepseek-api,sparse,1,20260622T144022Z-maintenance_value-4f24e488,1,1,,1,1,0,23.891218040997046,f45bee345015488f18f3ba52de854c7d4e0eaacd72f12242b20548a0b40e3056,a_deepseek_maint_sparse,2026-06-22T14:42:24+00:00
study-a:a_deepseek_maint_sparse:deepseek-v4-pro:sparse:fixture_schema_migration:1,fixture_schema_migration,maintenance_value,deepseek-v4-pro,deepseek/deepseek-v4-pro,deepseek,deepseek-api,sparse,1,20260622T144022Z-maintenance_value-4f24e488,1,1,,1,1,0,59.618341417008196,c1098962a75f71fe7ac0ae6b83133fa89caf32da854864af9b6c3d68c32659f2,a_deepseek_maint_sparse,2026-06-22T14:42:48+00:00
study-a:a_deepseek_maint_sparse:deepseek-v4-pro:sparse:generated_openapi_refresh:1,generated_openapi_refresh,maintenance_value,deepseek-v4-pro,deepseek/deepseek-v4-pro,deepseek,deepseek-api,sparse,1,20260622T144022Z-maintenance_value-4f24e488,1,1,,1,1,0,31.86128149999422,eb97893897eca488e39801aa125eca88de7ccdb9598994d46a91aa1377264118,a_deepseek_maint_sparse,2026-06-22T14:43:47+00:00
study-a:a_deepseek_maint_sparse:deepseek-v4-pro:sparse:import_hygiene_fix:1,import_hygiene_fix,maintenance_value,deepseek-v4-pro,deepseek/deepseek-v4-pro,deepseek,deepseek-api,sparse,1,20260622T144022Z-maintenance_value-4f24e488,1,1,,1,1,0,20.980360417001066,a1220e0fd4ce5e8aabc88dd4ad6ca336c3fc13647a853b2cf9a3ffa91ca22456,a_deepseek_maint_sparse,2026-06-22T14:44:19+00:00
study-a:a_deepseek_maint_sparse:deepseek-v4-pro:sparse:logger_warn_migration:1,logger_warn_migration,maintenance_value,deepseek-v4-pro,deepseek/deepseek-v4-pro,deepseek,deepseek-api,sparse,1,20260622T144022Z-maintenance_value-4f24e488,1,1,,1,0,1,28.934755624999525,37512e7546c4920d5d4ce989e5d2c00f497534138f6430a19e15c24dd8a1b691,a_deepseek_maint_sparse,2026-06-22T14:44:40+00:00
study-a:a_deepseek_maint_sparse:deepseek-v4-pro:sparse:regression_test_gap:1,regression_test_gap,maintenance_value,deepseek-v4-pro,deepseek/deepseek-v4-pro,deepseek,deepseek-api,sparse,1,20260622T144022Z-maintenance_value-4f24e488,1,1,,1,1,0,21.649614833004307,5e2288de4c480db8d2bd5343de48fd120aa9a288d36a1abb7f16a626d788f2b8,a_deepseek_maint_sparse,2026-06-22T14:45:09+00:00
study-a:a_deepseek_maint_sparse:deepseek-v4-pro:sparse:utcnow_timezone_migration:1,utcnow_timezone_migration,maintenance_value,deepseek-v4-pro,deepseek/deepseek-v4-pro,deepseek,deepseek-api,sparse,1,20260622T144022Z-maintenance_value-4f24e488,1,1,,1,0,1,47.99734983299277,57a575d989c56b65ec188d4f63c0ed13f637dfed336848584cd7f7cecfebd53b,a_deepseek_maint_sparse,2026-06-22T14:45:31+00:00
study-a:a_deepseek_product_cv:deepseek-v4-pro:contract_visible:audit_log_redaction:1,audit_log_redaction,product_workflows,deepseek-v4-pro,deepseek/deepseek-v4-pro,deepseek,deepseek-api,contract_visible,1,20260622T135238Z-product_workflows-b38d704f,1,1,,1,1,0,28.193799874992692,f7b7e3b504facebefbccac0d51743b6b850ef67847c0170d61345ccd6c7352bb,a_deepseek_product_cv,2026-06-22T13:52:38+00:00
study-a:a_deepseek_product_cv:deepseek-v4-pro:contract_visible:billing_proration:1,billing_proration,product_workflows,deepseek-v4-pro,deepseek/deepseek-v4-pro,deepseek,deepseek-api,contract_visible,1,20260622T135238Z-product_workflows-b38d704f,1,1,,1,1,0,66.47743404199718,31840fb6ebc20a213c6700090a767096aa173cb4505ea06377ee92720db5a0ee,a_deepseek_product_cv,2026-06-22T13:53:06+00:00
study-a:a_deepseek_product_cv:deepseek-v4-pro:contract_visible:bulk_invite_dedupe:1,bulk_invite_dedupe,product_workflows,deepseek-v4-pro,deepseek/deepseek-v4-pro,deepseek,deepseek-api,contract_visible,1,20260622T135238Z-product_workflows-b38d704f,1,1,,1,0,1,42.79913004199625,4bf23fd6948c8bb7b1f1a90e005824e9f02f76fa84f5e21e88590de2748cea39,a_deepseek_product_cv,2026-06-22T13:54:13+00:00
study-a:a_deepseek_product_cv:deepseek-v4-pro:contract_visible:cart_discount_stack:1,cart_discount_stack,product_workflows,deepseek-v4-pro,deepseek/deepseek-v4-pro,deepseek,deepseek-api,contract_visible,1,20260622T135238Z-product_workflows-b38d704f,1,1,,1,1,0,25.782113250010298,99e4350d312aaa215062bc98160b6d0998af7b3b79604e1bfac51b63b993cb61,a_deepseek_product_cv,2026-06-22T13:54:55+00:00
study-a:a_deepseek_product_cv:deepseek-v4-pro:contract_visible:feature_rollout_bucket:1,feature_rollout_bucket,product_workflows,deepseek-v4-pro,deepseek/deepseek-v4-pro,deepseek,deepseek-api,contract_visible,1,20260622T135238Z-product_workflows-b38d704f,1,1,,1,1,0,40.12727033399278,406258c2a508e77d7d7a8ba2d6a862a63928cdb688c6527b11c73ceed3b931cd,a_deepseek_product_cv,2026-06-22T13:55:21+00:00
study-a:a_deepseek_product_cv:deepseek-v4-pro:contract_visible:inventory_reservation_idempotency:1,inventory_reservation_idempotency,product_workflows,deepseek-v4-pro,deepseek/deepseek-v4-pro,deepseek,deepseek-api,contract_visible,1,20260622T135238Z-product_workflows-b38d704f,1,1,,1,1,0,32.387690999996266,3d8c2930113e2b3c47995445f4152f9217bbd090805c174b1506606c5a1c2596,a_deepseek_product_cv,2026-06-22T13:56:01+00:00
study-a:a_deepseek_product_cv:deepseek-v4-pro:contract_visible:markdown_slug_collision:1,markdown_slug_collision,product_workflows,deepseek-v4-pro,deepseek/deepseek-v4-pro,deepseek,deepseek-api,contract_visible,1,20260622T135238Z-product_workflows-b38d704f,1,1,,1,1,0,100.3629104589927,34a40158c6fb20291247cfdcfc7e4b506f4e352532b8adc490beff0b206896d9,a_deepseek_product_cv,2026-06-22T13:56:34+00:00
study-a:a_deepseek_product_cv:deepseek-v4-pro:contract_visible:search_ranking_stability:1,search_ranking_stability,product_workflows,deepseek-v4-pro,deepseek/deepseek-v4-pro,deepseek,deepseek-api,contract_visible,1,20260622T135238Z-product_workflows-b38d704f,1,1,,1,1,0,25.451069709000876,32985f736768f79dd0d5649a8c86874d6aa74a5785647b6cbfdacd3871e32fdc,a_deepseek_product_cv,2026-06-22T13:58:14+00:00
study-a:a_deepseek_product_cv:deepseek-v4-pro:contract_visible:silent_exception_swallower:1,silent_exception_swallower,product_workflows,deepseek-v4-pro,deepseek/deepseek-v4-pro,deepseek,deepseek-api,contract_visible,1,20260622T135238Z-product_workflows-b38d704f,1,1,,1,1,0,31.93848229100695,4990900c5e913643c2bde941f01806fb1bd03ac3b285d9db2ef4d7c4117c3b22,a_deepseek_product_cv,2026-06-22T13:58:40+00:00
study-a:a_deepseek_product_cv:deepseek-v4-pro:contract_visible:support_sla_business_hours:1,support_sla_business_hours,product_workflows,deepseek-v4-pro,deepseek/deepseek-v4-pro,deepseek,deepseek-api,contract_visible,1,20260622T135238Z-product_workflows-b38d704f,1,1,,1,1,0,60.61644004199479,32111ec94645721caf559293c64f8abc87635629148b8f6b5647c117a894e8ad,a_deepseek_product_cv,2026-06-22T13:59:11+00:00
study-a:a_deepseek_product_cv:deepseek-v4-pro:contract_visible:webhook_signature_raw_body:1,webhook_signature_raw_body,product_workflows,deepseek-v4-pro,deepseek/deepseek-v4-pro,deepseek,deepseek-api,contract_visible,1,20260622T135238Z-product_workflows-b38d704f,1,1,,1,1,0,28.51864850000129,e4d21f83132fa61015c8cc854344a198d8b387b29d4ab798b7afd18b51a5d43f,a_deepseek_product_cv,2026-06-22T14:00:12+00:00
study-a:a_deepseek_product_sparse:deepseek-v4-pro:sparse:audit_log_redaction:1,audit_log_redaction,product_workflows,deepseek-v4-pro,deepseek/deepseek-v4-pro,deepseek,deepseek-api,sparse,1,,1,1,,1,0,1,15.443473583087325,262050950e96e49544135046e1ebe72cd8159cfb177cc0dd3562b83e9f0374ff,a_deepseek_product_sparse,2026-06-19T21:35:36+00:00
study-a:a_deepseek_product_sparse:deepseek-v4-pro:sparse:billing_proration:1,billing_proration,product_workflows,deepseek-v4-pro,deepseek/deepseek-v4-pro,deepseek,deepseek-api,sparse,1,,1,1,,1,0,1,15.017057249788195,dce62ec7fbdda3ee707379d999492a32cf9611598c182f3f1de58edf0d75bd6d,a_deepseek_product_sparse,2026-06-19T21:35:51+00:00
study-a:a_deepseek_product_sparse:deepseek-v4-pro:sparse:bulk_invite_dedupe:1,bulk_invite_dedupe,product_workflows,deepseek-v4-pro,deepseek/deepseek-v4-pro,deepseek,deepseek-api,sparse,1,,1,1,,1,0,1,23.071519125252962,9ac097ac73b36baec8c14b8de616e29ec4b242afaf87e72e8e91ba12a5d211a6,a_deepseek_product_sparse,2026-06-19T21:36:06+00:00
study-a:a_deepseek_product_sparse:deepseek-v4-pro:sparse:cart_discount_stack:1,cart_discount_stack,product_workflows,deepseek-v4-pro,deepseek/deepseek-v4-pro,deepseek,deepseek-api,sparse,1,,1,1,,1,0,1,24.818961665965617,aa949a0faeec42a7ffba89fe23f705b6f81fe5c253ce17fa2f38bff713d76e3f,a_deepseek_product_sparse,2026-06-19T21:36:29+00:00
study-a:a_deepseek_product_sparse:deepseek-v4-pro:sparse:feature_rollout_bucket:1,feature_rollout_bucket,product_workflows,deepseek-v4-pro,deepseek/deepseek-v4-pro,deepseek,deepseek-api,sparse,1,,1,1,,1,1,0,273.92247254168615,406258c2a508e77d7d7a8ba2d6a862a63928cdb688c6527b11c73ceed3b931cd,a_deepseek_product_sparse,2026-06-19T21:36:54+00:00
study-a:a_deepseek_product_sparse:deepseek-v4-pro:sparse:inventory_reservation_idempotency:1,inventory_reservation_idempotency,product_workflows,deepseek-v4-pro,deepseek/deepseek-v4-pro,deepseek,deepseek-api,sparse,1,,1,1,,1,0,1,15.931256541982293,4aa6b48be9106a29ee0b148bed59b08256bccde2c4637b852140ad2db33c21df,a_deepseek_product_sparse,2026-06-19T21:41:28+00:00
study-a:a_deepseek_product_sparse:deepseek-v4-pro:sparse:markdown_slug_collision:1,markdown_slug_collision,product_workflows,deepseek-v4-pro,deepseek/deepseek-v4-pro,deepseek,deepseek-api,sparse,1,,1,1,,1,0,1,14.638617624994367,5da66cdb3f3f6fabaa3cff47b8e589146ed36f0dd1d961a75beddad2fa3aeff5,a_deepseek_product_sparse,2026-06-19T21:41:44+00:00
study-a:a_deepseek_product_sparse:deepseek-v4-pro:sparse:search_ranking_stability:1,search_ranking_stability,product_workflows,deepseek-v4-pro,deepseek/deepseek-v4-pro,deepseek,deepseek-api,sparse,1,,1,1,,1,0,1,15.439789625350386,c33a7d5ebc7b3e809f2f1019f28bdf8b0075e6405e43ab0c597522bc11c0f9e5,a_deepseek_product_sparse,2026-06-19T21:41:59+00:00
study-a:a_deepseek_product_sparse:deepseek-v4-pro:sparse:silent_exception_swallower:1,silent_exception_swallower,product_workflows,deepseek-v4-pro,deepseek/deepseek-v4-pro,deepseek,deepseek-api,sparse,1,,1,1,,1,1,0,18.59500779118389,9f32bc22bc0426d7597a80f8c0144336e7f1136f246f1462fef9a382b3f55ef8,a_deepseek_product_sparse,2026-06-19T21:42:14+00:00
study-a:a_deepseek_product_sparse:deepseek-v4-pro:sparse:support_sla_business_hours:1,support_sla_business_hours,product_workflows,deepseek-v4-pro,deepseek/deepseek-v4-pro,deepseek,deepseek-api,sparse,1,,1,1,,1,0,1,19.521716042421758,10866189e4e3ef90e99669df90fa75dda4b8cb71f7ef758138ecb2c4eb18438c,a_deepseek_product_sparse,2026-06-19T21:42:33+00:00
study-a:a_deepseek_product_sparse:deepseek-v4-pro:sparse:webhook_signature_raw_body:1,webhook_signature_raw_body,product_workflows,deepseek-v4-pro,deepseek/deepseek-v4-pro,deepseek,deepseek-api,sparse,1,,1,1,,1,1,0,15.00237362505868,14fe7d1afb6ed7c6aff915dc4d8cb942762325d2bbefa09ced72ab922a53c138,a_deepseek_product_sparse,2026-06-19T21:42:52+00:00
study-a:a_gemma_ci_cv:gemma4-12b:contract_visible:async_export_race:1,async_export_race,ci_forensics,gemma4-12b,ollama/gemma4:12b,ollama,ollama-local,contract_visible,1,north-mini-vs-gemma4-12b-2026-06-21-gemma4-12b-ci_forensics-contract_visible,1,1,,1,1,0,117.8734443329995,23c4ece8728a2a1f505df680f763f9a4d41d8fdb484e3abe38d6243ca0fdf661,a_gemma_ci_cv,2026-06-21T17:47:26+00:00
study-a:a_gemma_ci_cv:gemma4-12b:contract_visible:config_deep_merge:1,config_deep_merge,ci_forensics,gemma4-12b,ollama/gemma4:12b,ollama,ollama-local,contract_visible,1,north-mini-vs-gemma4-12b-2026-06-21-gemma4-12b-ci_forensics-contract_visible,1,1,,0,0,0,686.5844044590012,96167744ae7d1d267bee5a3d120ee41d8374549f61a738890f3d8127534e03ba,a_gemma_ci_cv,2026-06-21T17:49:39+00:00
study-a:a_gemma_ci_cv:gemma4-12b:contract_visible:csv_header_contract:1,csv_header_contract,ci_forensics,gemma4-12b,ollama/gemma4:12b,ollama,ollama-local,contract_visible,1,north-mini-vs-gemma4-12b-2026-06-21-gemma4-12b-ci_forensics-contract_visible,1,1,,1,0,1,315.0992803329973,3ecde3bd7efadde1c0ad6aab14be432b2f7b28bb6952fa8df60580ff1817f116,a_gemma_ci_cv,2026-06-21T18:01:21+00:00
study-a:a_gemma_ci_cv:gemma4-12b:contract_visible:decimal_money_rounding:1,decimal_money_rounding,ci_forensics,gemma4-12b,ollama/gemma4:12b,ollama,ollama-local,contract_visible,1,north-mini-vs-gemma4-12b-2026-06-21-gemma4-12b-ci_forensics-contract_visible,1,1,,0,0,0,476.298864958997,e3b0c44298fc1c149afbf4c8996fb92427ae41e4649b934ca495991b7852b855,a_gemma_ci_cv,2026-06-21T18:06:51+00:00
study-a:a_gemma_ci_cv:gemma4-12b:contract_visible:dependency_api_change:1,dependency_api_change,ci_forensics,gemma4-12b,ollama/gemma4:12b,ollama,ollama-local,contract_visible,1,north-mini-vs-gemma4-12b-2026-06-21-gemma4-12b-ci_forensics-contract_visible,1,1,,0,0,0,95.36190212499787,e3b0c44298fc1c149afbf4c8996fb92427ae41e4649b934ca495991b7852b855,a_gemma_ci_cv,2026-06-21T18:15:02+00:00
study-a:a_gemma_ci_cv:gemma4-12b:contract_visible:env_bool_parser:1,env_bool_parser,ci_forensics,gemma4-12b,ollama/gemma4:12b,ollama,ollama-local,contract_visible,1,north-mini-vs-gemma4-12b-2026-06-21-gemma4-12b-ci_forensics-contract_visible,1,1,,0,0,0,674.734360208,4218f2cb43e5469e264c6b5be98b9a1a77e91c6a4e9b5b67d63b89a9c0d063f2,a_gemma_ci_cv,2026-06-21T18:16:53+00:00
study-a:a_gemma_ci_cv:gemma4-12b:contract_visible:idempotency_key_regression:1,idempotency_key_regression,ci_forensics,gemma4-12b,ollama/gemma4:12b,ollama,ollama-local,contract_visible,1,north-mini-vs-gemma4-12b-2026-06-21-gemma4-12b-ci_forensics-contract_visible,1,1,,1,1,0,132.17471391599975,29b7005a5283710d1cee1bfd2425ce680fcf698eaf0f7d60ff4eb22bcb28de8c,a_gemma_ci_cv,2026-06-21T18:28:22+00:00
study-a:a_gemma_ci_cv:gemma4-12b:contract_visible:mutable_default_leak:1,mutable_default_leak,ci_forensics,gemma4-12b,ollama/gemma4:12b,ollama,ollama-local,contract_visible,1,north-mini-vs-gemma4-12b-2026-06-21-gemma4-12b-ci_forensics-contract_visible,1,1,,0,0,0,77.78138412499902,e3b0c44298fc1c149afbf4c8996fb92427ae41e4649b934ca495991b7852b855,a_gemma_ci_cv,2026-06-21T18:30:50+00:00
study-a:a_gemma_ci_cv:gemma4-12b:contract_visible:pagination_cursor_drift:1,pagination_cursor_drift,ci_forensics,gemma4-12b,ollama/gemma4:12b,ollama,ollama-local,contract_visible,1,north-mini-vs-gemma4-12b-2026-06-21-gemma4-12b-ci_forensics-contract_visible,1,1,,1,1,0,189.00407004200315,c5d94acac7c39c9a7464c3f7eb0da3a3e5325e4f4f321ba795f19f8039a2c59f,a_gemma_ci_cv,2026-06-21T18:32:22+00:00
study-a:a_gemma_ci_cv:gemma4-12b:contract_visible:stale_generated_schema:1,stale_generated_schema,ci_forensics,gemma4-12b,ollama/gemma4:12b,ollama,ollama-local,contract_visible,1,north-mini-vs-gemma4-12b-2026-06-21-gemma4-12b-ci_forensics-contract_visible,1,1,,1,1,0,136.48354258299878,0842ab7d5050c98e10f5337c8bea97900e0ba6fac666ec6c1cb4cfa975d2bf3b,a_gemma_ci_cv,2026-06-21T18:35:46+00:00
study-a:a_gemma_ci_cv:gemma4-12b:contract_visible:tenant_cache_leak:1,tenant_cache_leak,ci_forensics,gemma4-12b,ollama/gemma4:12b,ollama,ollama-local,contract_visible,1,north-mini-vs-gemma4-12b-2026-06-21-gemma4-12b-ci_forensics-contract_visible,1,1,,1,1,0,189.65084237500196,61799addcbfee1484dff34df0b9bdabbb69798daf498b29225ef581bab854143,a_gemma_ci_cv,2026-06-21T18:38:18+00:00
study-a:a_gemma_ci_cv:gemma4-12b:contract_visible:timezone_ci_only:1,timezone_ci_only,ci_forensics,gemma4-12b,ollama/gemma4:12b,ollama,ollama-local,contract_visible,1,north-mini-vs-gemma4-12b-2026-06-21-gemma4-12b-ci_forensics-contract_visible,1,1,,1,1,0,258.1421341250025,a843cfd39d18fe8dda21407d26382386cc386f36d724417438664914ff739415,a_gemma_ci_cv,2026-06-21T18:41:43+00:00
study-a:a_gemma_ci_sparse:gemma4-12b:sparse:async_export_race:1,async_export_race,ci_forensics,gemma4-12b,ollama/gemma4:12b,ollama,ollama-local,sparse,1,north-mini-vs-gemma4-12b-2026-06-21-gemma4-12b-ci_forensics-sparse,1,1,,0,0,0,172.5455627090014,e3b0c44298fc1c149afbf4c8996fb92427ae41e4649b934ca495991b7852b855,a_gemma_ci_sparse,2026-06-21T17:11:15+00:00
study-a:a_gemma_ci_sparse:gemma4-12b:sparse:config_deep_merge:1,config_deep_merge,ci_forensics,gemma4-12b,ollama/gemma4:12b,ollama,ollama-local,sparse,1,north-mini-vs-gemma4-12b-2026-06-21-gemma4-12b-ci_forensics-sparse,1,1,,0,0,0,60.84426637499928,e3b0c44298fc1c149afbf4c8996fb92427ae41e4649b934ca495991b7852b855,a_gemma_ci_sparse,2026-06-21T17:14:23+00:00
study-a:a_gemma_ci_sparse:gemma4-12b:sparse:csv_header_contract:1,csv_header_contract,ci_forensics,gemma4-12b,ollama/gemma4:12b,ollama,ollama-local,sparse,1,north-mini-vs-gemma4-12b-2026-06-21-gemma4-12b-ci_forensics-sparse,1,1,,1,0,1,103.77381958299884,218eb03c9cc52bfb8305584d8b3b38cb89fd99b0e28778861ef812695d0d12e3,a_gemma_ci_sparse,2026-06-21T17:15:39+00:00
study-a:a_gemma_ci_sparse:gemma4-12b:sparse:decimal_money_rounding:1,decimal_money_rounding,ci_forensics,gemma4-12b,ollama/gemma4:12b,ollama,ollama-local,sparse,1,north-mini-vs-gemma4-12b-2026-06-21-gemma4-12b-ci_forensics-sparse,1,1,,1,0,1,124.89469991599981,fd3f104fcfc13607f715e4b2e193f223deba78875825ef2c97856bbe68d9fae2,a_gemma_ci_sparse,2026-06-21T17:17:38+00:00
study-a:a_gemma_ci_sparse:gemma4-12b:sparse:dependency_api_change:1,dependency_api_change,ci_forensics,gemma4-12b,ollama/gemma4:12b,ollama,ollama-local,sparse,1,north-mini-vs-gemma4-12b-2026-06-21-gemma4-12b-ci_forensics-sparse,1,1,,0,0,0,165.4232806250002,a01020d51299e69409b2770c816bba4fc694ae39006709d91a55e9c164924eaa,a_gemma_ci_sparse,2026-06-21T17:19:57+00:00
study-a:a_gemma_ci_sparse:gemma4-12b:sparse:env_bool_parser:1,env_bool_parser,ci_forensics,gemma4-12b,ollama/gemma4:12b,ollama,ollama-local,sparse,1,north-mini-vs-gemma4-12b-2026-06-21-gemma4-12b-ci_forensics-sparse,1,1,,0,0,0,355.6208273330012,827dbc6f31f34348a847818b68df9d5713ee1841176e5af2b63cd02474cd305d,a_gemma_ci_sparse,2026-06-21T17:22:58+00:00
study-a:a_gemma_ci_sparse:gemma4-12b:sparse:idempotency_key_regression:1,idempotency_key_regression,ci_forensics,gemma4-12b,ollama/gemma4:12b,ollama,ollama-local,sparse,1,north-mini-vs-gemma4-12b-2026-06-21-gemma4-12b-ci_forensics-sparse,1,1,,1,1,0,114.71286308300114,62012d1798bddd15286fd34907980f4b0fd5fc51e237cb27c83b7c815fa98ff5,a_gemma_ci_sparse,2026-06-21T17:29:09+00:00
study-a:a_gemma_ci_sparse:gemma4-12b:sparse:mutable_default_leak:1,mutable_default_leak,ci_forensics,gemma4-12b,ollama/gemma4:12b,ollama,ollama-local,sparse,1,north-mini-vs-gemma4-12b-2026-06-21-gemma4-12b-ci_forensics-sparse,1,1,,1,1,0,116.17932599999767,570704a3e37541850060be6936366dfc2630ac774073382343d2cf4dff802454,a_gemma_ci_sparse,2026-06-21T17:31:18+00:00
study-a:a_gemma_ci_sparse:gemma4-12b:sparse:pagination_cursor_drift:1,pagination_cursor_drift,ci_forensics,gemma4-12b,ollama/gemma4:12b,ollama,ollama-local,sparse,1,north-mini-vs-gemma4-12b-2026-06-21-gemma4-12b-ci_forensics-sparse,1,1,,0,0,0,62.71483491699837,e3b0c44298fc1c149afbf4c8996fb92427ae41e4649b934ca495991b7852b855,a_gemma_ci_sparse,2026-06-21T17:33:29+00:00
study-a:a_gemma_ci_sparse:gemma4-12b:sparse:stale_generated_schema:1,stale_generated_schema,ci_forensics,gemma4-12b,ollama/gemma4:12b,ollama,ollama-local,sparse,1,north-mini-vs-gemma4-12b-2026-06-21-gemma4-12b-ci_forensics-sparse,1,1,,1,1,0,126.58609708400036,0842ab7d5050c98e10f5337c8bea97900e0ba6fac666ec6c1cb4cfa975d2bf3b,a_gemma_ci_sparse,2026-06-21T17:34:47+00:00
study-a:a_gemma_ci_sparse:gemma4-12b:sparse:tenant_cache_leak:1,tenant_cache_leak,ci_forensics,gemma4-12b,ollama/gemma4:12b,ollama,ollama-local,sparse,1,north-mini-vs-gemma4-12b-2026-06-21-gemma4-12b-ci_forensics-sparse,1,1,,0,0,0,67.3519666659995,e3b0c44298fc1c149afbf4c8996fb92427ae41e4649b934ca495991b7852b855,a_gemma_ci_sparse,2026-06-21T17:37:09+00:00
study-a:a_gemma_ci_sparse:gemma4-12b:sparse:timezone_ci_only:1,timezone_ci_only,ci_forensics,gemma4-12b,ollama/gemma4:12b,ollama,ollama-local,sparse,1,north-mini-vs-gemma4-12b-2026-06-21-gemma4-12b-ci_forensics-sparse,1,1,,0,0,0,532.2853740419996,e3b0c44298fc1c149afbf4c8996fb92427ae41e4649b934ca495991b7852b855,a_gemma_ci_sparse,2026-06-21T17:38:31+00:00
study-a:a_gemma_maint_cv:gemma4-12b:contract_visible:adapter_field_rename:1,adapter_field_rename,maintenance_value,gemma4-12b,ollama/gemma4:12b,ollama,ollama-local,contract_visible,1,north-mini-vs-gemma4-12b-2026-06-21-gemma4-12b-maintenance_value-contract_visible,1,1,,0,0,0,78.72533133300021,e3b0c44298fc1c149afbf4c8996fb92427ae41e4649b934ca495991b7852b855,a_gemma_maint_cv,2026-06-21T19:21:59+00:00
study-a:a_gemma_maint_cv:gemma4-12b:contract_visible:batch_splitter_utility:1,batch_splitter_utility,maintenance_value,gemma4-12b,ollama/gemma4:12b,ollama,ollama-local,contract_visible,1,north-mini-vs-gemma4-12b-2026-06-21-gemma4-12b-maintenance_value-contract_visible,1,1,,1,1,0,340.99033391699777,6c5f9f4e7989013d3f697619323ea4d6ce2259b774db7b7697524e3bad316437,a_gemma_maint_cv,2026-06-21T19:23:33+00:00
study-a:a_gemma_maint_cv:gemma4-12b:contract_visible:docs_cli_sync:1,docs_cli_sync,maintenance_value,gemma4-12b,ollama/gemma4:12b,ollama,ollama-local,contract_visible,1,north-mini-vs-gemma4-12b-2026-06-21-gemma4-12b-maintenance_value-contract_visible,1,1,,0,0,0,84.97899687499739,e3b0c44298fc1c149afbf4c8996fb92427ae41e4649b934ca495991b7852b855,a_gemma_maint_cv,2026-06-21T19:29:29+00:00
study-a:a_gemma_maint_cv:gemma4-12b:contract_visible:explicit_validation_matrix:1,explicit_validation_matrix,maintenance_value,gemma4-12b,ollama/gemma4:12b,ollama,ollama-local,contract_visible,1,north-mini-vs-gemma4-12b-2026-06-21-gemma4-12b-maintenance_value-contract_visible,1,1,,1,1,0,228.91352679099873,63e14a7a74bd967f532fc05f899973e87c29c832d5a97ce91102fc920a4b2944,a_gemma_maint_cv,2026-06-21T19:31:09+00:00
study-a:a_gemma_maint_cv:gemma4-12b:contract_visible:fixture_schema_migration:1,fixture_schema_migration,maintenance_value,gemma4-12b,ollama/gemma4:12b,ollama,ollama-local,contract_visible,1,north-mini-vs-gemma4-12b-2026-06-21-gemma4-12b-maintenance_value-contract_visible,1,1,,1,1,0,194.27072954200048,c1098962a75f71fe7ac0ae6b83133fa89caf32da854864af9b6c3d68c32659f2,a_gemma_maint_cv,2026-06-21T19:35:13+00:00
study-a:a_gemma_maint_cv:gemma4-12b:contract_visible:generated_openapi_refresh:1,generated_openapi_refresh,maintenance_value,gemma4-12b,ollama/gemma4:12b,ollama,ollama-local,contract_visible,1,north-mini-vs-gemma4-12b-2026-06-21-gemma4-12b-maintenance_value-contract_visible,1,1,,1,1,0,136.0475551669988,eb97893897eca488e39801aa125eca88de7ccdb9598994d46a91aa1377264118,a_gemma_maint_cv,2026-06-21T19:38:42+00:00
study-a:a_gemma_maint_cv:gemma4-12b:contract_visible:import_hygiene_fix:1,import_hygiene_fix,maintenance_value,gemma4-12b,ollama/gemma4:12b,ollama,ollama-local,contract_visible,1,north-mini-vs-gemma4-12b-2026-06-21-gemma4-12b-maintenance_value-contract_visible,1,1,,0,0,0,711.3241549580016,e3b0c44298fc1c149afbf4c8996fb92427ae41e4649b934ca495991b7852b855,a_gemma_maint_cv,2026-06-21T19:41:13+00:00
study-a:a_gemma_maint_cv:gemma4-12b:contract_visible:logger_warn_migration:1,logger_warn_migration,maintenance_value,gemma4-12b,ollama/gemma4:12b,ollama,ollama-local,contract_visible,1,north-mini-vs-gemma4-12b-2026-06-21-gemma4-12b-maintenance_value-contract_visible,1,1,,1,1,0,270.79461483300474,b0dc81f063b5b9b0d4651806814848ee08c80d5962460494b8d4007da6869545,a_gemma_maint_cv,2026-06-21T19:53:20+00:00
study-a:a_gemma_maint_cv:gemma4-12b:contract_visible:regression_test_gap:1,regression_test_gap,maintenance_value,gemma4-12b,ollama/gemma4:12b,ollama,ollama-local,contract_visible,1,north-mini-vs-gemma4-12b-2026-06-21-gemma4-12b-maintenance_value-contract_visible,1,1,,1,1,0,133.75835862499662,93ed0f352ce57d03687096e5e846558c20c04da80a907f64b3c074ec58ef5952,a_gemma_maint_cv,2026-06-21T19:58:06+00:00
study-a:a_gemma_maint_cv:gemma4-12b:contract_visible:utcnow_timezone_migration:1,utcnow_timezone_migration,maintenance_value,gemma4-12b,ollama/gemma4:12b,ollama,ollama-local,contract_visible,1,north-mini-vs-gemma4-12b-2026-06-21-gemma4-12b-maintenance_value-contract_visible,1,1,,1,0,1,138.72092462500586,92b1fbf0e53a2e056b2b593f375c3c09b7f4ee33185789a2a1b4eb89c0722488,a_gemma_maint_cv,2026-06-21T20:00:34+00:00
study-a:a_gemma_maint_sparse:gemma4-12b:sparse:adapter_field_rename:1,adapter_field_rename,maintenance_value,gemma4-12b,ollama/gemma4:12b,ollama,ollama-local,sparse,1,north-mini-vs-gemma4-12b-2026-06-21-gemma4-12b-maintenance_value-sparse,1,1,,1,0,1,233.6961537499992,73808b8e15a32d17c7ea011a84d8549fc5dddf1fc2314561a62f79b49bba0e62,a_gemma_maint_sparse,2026-06-21T18:46:04+00:00
study-a:a_gemma_maint_sparse:gemma4-12b:sparse:batch_splitter_utility:1,batch_splitter_utility,maintenance_value,gemma4-12b,ollama/gemma4:12b,ollama,ollama-local,sparse,1,north-mini-vs-gemma4-12b-2026-06-21-gemma4-12b-maintenance_value-sparse,1,1,,1,0,1,129.96509683299882,3c4637346cb88c8556aaa9d7a7bb78946cfd820f7bd6f85f7d77e1629974bd09,a_gemma_maint_sparse,2026-06-21T18:50:13+00:00
study-a:a_gemma_maint_sparse:gemma4-12b:sparse:docs_cli_sync:1,docs_cli_sync,maintenance_value,gemma4-12b,ollama/gemma4:12b,ollama,ollama-local,sparse,1,north-mini-vs-gemma4-12b-2026-06-21-gemma4-12b-maintenance_value-sparse,1,1,,0,0,0,71.3573690000012,e3b0c44298fc1c149afbf4c8996fb92427ae41e4649b934ca495991b7852b855,a_gemma_maint_sparse,2026-06-21T18:52:38+00:00
study-a:a_gemma_maint_sparse:gemma4-12b:sparse:explicit_validation_matrix:1,explicit_validation_matrix,maintenance_value,gemma4-12b,ollama/gemma4:12b,ollama,ollama-local,sparse,1,north-mini-vs-gemma4-12b-2026-06-21-gemma4-12b-maintenance_value-sparse,1,1,,1,1,0,166.8333915000003,a5cb47bf2b16a618f3a570c24452d79bcc50c0fccb1bb0f7db7ab898423d58e7,a_gemma_maint_sparse,2026-06-21T18:54:04+00:00
study-a:a_gemma_maint_sparse:gemma4-12b:sparse:fixture_schema_migration:1,fixture_schema_migration,maintenance_value,gemma4-12b,ollama/gemma4:12b,ollama,ollama-local,sparse,1,north-mini-vs-gemma4-12b-2026-06-21-gemma4-12b-maintenance_value-sparse,1,1,,1,1,0,173.64163066699984,c1098962a75f71fe7ac0ae6b83133fa89caf32da854864af9b6c3d68c32659f2,a_gemma_maint_sparse,2026-06-21T18:57:06+00:00
study-a:a_gemma_maint_sparse:gemma4-12b:sparse:generated_openapi_refresh:1,generated_openapi_refresh,maintenance_value,gemma4-12b,ollama/gemma4:12b,ollama,ollama-local,sparse,1,north-mini-vs-gemma4-12b-2026-06-21-gemma4-12b-maintenance_value-sparse,1,1,,1,1,0,539.5419735830001,eb97893897eca488e39801aa125eca88de7ccdb9598994d46a91aa1377264118,a_gemma_maint_sparse,2026-06-21T19:00:15+00:00
study-a:a_gemma_maint_sparse:gemma4-12b:sparse:import_hygiene_fix:1,import_hygiene_fix,maintenance_value,gemma4-12b,ollama/gemma4:12b,ollama,ollama-local,sparse,1,north-mini-vs-gemma4-12b-2026-06-21-gemma4-12b-maintenance_value-sparse,1,1,,1,1,0,115.77999870900021,a1220e0fd4ce5e8aabc88dd4ad6ca336c3fc13647a853b2cf9a3ffa91ca22456,a_gemma_maint_sparse,2026-06-21T19:09:29+00:00
study-a:a_gemma_maint_sparse:gemma4-12b:sparse:logger_warn_migration:1,logger_warn_migration,maintenance_value,gemma4-12b,ollama/gemma4:12b,ollama,ollama-local,sparse,1,north-mini-vs-gemma4-12b-2026-06-21-gemma4-12b-maintenance_value-sparse,1,1,,1,1,0,96.57718283299982,b0dc81f063b5b9b0d4651806814848ee08c80d5962460494b8d4007da6869545,a_gemma_maint_sparse,2026-06-21T19:11:40+00:00
study-a:a_gemma_maint_sparse:gemma4-12b:sparse:regression_test_gap:1,regression_test_gap,maintenance_value,gemma4-12b,ollama/gemma4:12b,ollama,ollama-local,sparse,1,north-mini-vs-gemma4-12b-2026-06-21-gemma4-12b-maintenance_value-sparse,1,1,,1,1,0,139.16570887499984,345dcab7806de86e2c362d7114252ea1b796eb73ce4bec44fd7391ed237acf88,a_gemma_maint_sparse,2026-06-21T19:13:32+00:00
study-a:a_gemma_maint_sparse:gemma4-12b:sparse:utcnow_timezone_migration:1,utcnow_timezone_migration,maintenance_value,gemma4-12b,ollama/gemma4:12b,ollama,ollama-local,sparse,1,north-mini-vs-gemma4-12b-2026-06-21-gemma4-12b-maintenance_value-sparse,1,1,,1,1,0,348.68413979199977,10c770c1bfedb506f842790a721c8ceb25539f3e0ea2d6785dbf690b53066d59,a_gemma_maint_sparse,2026-06-21T19:16:06+00:00
study-a:a_gemma_product_cv:gemma4-12b:contract_visible:audit_log_redaction:1,audit_log_redaction,product_workflows,gemma4-12b,ollama/gemma4:12b,ollama,ollama-local,contract_visible,1,north-mini-vs-gemma4-12b-2026-06-21-gemma4-12b-product_workflows-contract_visible,1,1,,1,1,0,175.1297632499991,670b6409dc313044bd25952a8231d2f36120985be84f91ef5f5a31c1aa575696,a_gemma_product_cv,2026-06-21T20:59:09+00:00
study-a:a_gemma_product_cv:gemma4-12b:contract_visible:billing_proration:1,billing_proration,product_workflows,gemma4-12b,ollama/gemma4:12b,ollama,ollama-local,contract_visible,1,north-mini-vs-gemma4-12b-2026-06-21-gemma4-12b-product_workflows-contract_visible,1,1,,0,0,0,156.10811133300012,186a92323d076e31bc4488add17ee930c4d49c453eab53b4f1a6dc01400ba176,a_gemma_product_cv,2026-06-21T21:02:19+00:00
study-a:a_gemma_product_cv:gemma4-12b:contract_visible:bulk_invite_dedupe:1,bulk_invite_dedupe,product_workflows,gemma4-12b,ollama/gemma4:12b,ollama,ollama-local,contract_visible,1,north-mini-vs-gemma4-12b-2026-06-21-gemma4-12b-product_workflows-contract_visible,1,1,,1,1,0,130.20303958300065,850ab83e132242746bf4a63c0661dcfdb91c49c3f8c6dc58582f746961199da2,a_gemma_product_cv,2026-06-21T21:05:10+00:00
study-a:a_gemma_product_cv:gemma4-12b:contract_visible:cart_discount_stack:1,cart_discount_stack,product_workflows,gemma4-12b,ollama/gemma4:12b,ollama,ollama-local,contract_visible,1,north-mini-vs-gemma4-12b-2026-06-21-gemma4-12b-product_workflows-contract_visible,1,1,,1,1,0,163.6817063750059,284672b0066708c3ef8651a39704c7ec209f0150ae79d6e9db5fbf0ca043ad6d,a_gemma_product_cv,2026-06-21T21:07:35+00:00
study-a:a_gemma_product_cv:gemma4-12b:contract_visible:feature_rollout_bucket:1,feature_rollout_bucket,product_workflows,gemma4-12b,ollama/gemma4:12b,ollama,ollama-local,contract_visible,1,north-mini-vs-gemma4-12b-2026-06-21-gemma4-12b-product_workflows-contract_visible,1,1,,0,0,0,83.76592312499997,e3b0c44298fc1c149afbf4c8996fb92427ae41e4649b934ca495991b7852b855,a_gemma_product_cv,2026-06-21T21:10:34+00:00
study-a:a_gemma_product_cv:gemma4-12b:contract_visible:inventory_reservation_idempotency:1,inventory_reservation_idempotency,product_workflows,gemma4-12b,ollama/gemma4:12b,ollama,ollama-local,contract_visible,1,north-mini-vs-gemma4-12b-2026-06-21-gemma4-12b-product_workflows-contract_visible,1,1,,1,0,1,711.799989500003,661631b1f52bad560b7bcbff834730935c646f126202a624a216df3b63234af7,a_gemma_product_cv,2026-06-21T21:12:13+00:00
study-a:a_gemma_product_cv:gemma4-12b:contract_visible:markdown_slug_collision:1,markdown_slug_collision,product_workflows,gemma4-12b,ollama/gemma4:12b,ollama,ollama-local,contract_visible,1,north-mini-vs-gemma4-12b-2026-06-21-gemma4-12b-product_workflows-contract_visible,1,1,,0,0,0,1023.5822574159974,bde27f2fe164c1e558225a3e1eb6e386f9fe2cba2c77afd755629e3b0792d063,a_gemma_product_cv,2026-06-21T21:24:19+00:00
study-a:a_gemma_product_cv:gemma4-12b:contract_visible:search_ranking_stability:1,search_ranking_stability,product_workflows,gemma4-12b,ollama/gemma4:12b,ollama,ollama-local,contract_visible,1,north-mini-vs-gemma4-12b-2026-06-21-gemma4-12b-product_workflows-contract_visible,1,1,,1,1,0,378.849983125001,1e11599397623b2c9c7a50601001d245ea87af04987d537df6e48c5b078200c0,a_gemma_product_cv,2026-06-21T21:41:38+00:00
study-a:a_gemma_product_cv:gemma4-12b:contract_visible:silent_exception_swallower:1,silent_exception_swallower,product_workflows,gemma4-12b,ollama/gemma4:12b,ollama,ollama-local,contract_visible,1,north-mini-vs-gemma4-12b-2026-06-21-gemma4-12b-product_workflows-contract_visible,1,1,,1,1,0,194.12879195799906,4990900c5e913643c2bde941f01806fb1bd03ac3b285d9db2ef4d7c4117c3b22,a_gemma_product_cv,2026-06-21T21:48:12+00:00
study-a:a_gemma_product_cv:gemma4-12b:contract_visible:support_sla_business_hours:1,support_sla_business_hours,product_workflows,gemma4-12b,ollama/gemma4:12b,ollama,ollama-local,contract_visible,1,north-mini-vs-gemma4-12b-2026-06-21-gemma4-12b-product_workflows-contract_visible,1,1,,1,1,0,224.23534991599445,4961bd17b66477b325a2625f834a0d7328988572cde84c8ccd4f40dd89a32293,a_gemma_product_cv,2026-06-21T21:51:41+00:00
study-a:a_gemma_product_cv:gemma4-12b:contract_visible:webhook_signature_raw_body:1,webhook_signature_raw_body,product_workflows,gemma4-12b,ollama/gemma4:12b,ollama,ollama-local,contract_visible,1,north-mini-vs-gemma4-12b-2026-06-21-gemma4-12b-product_workflows-contract_visible,1,1,,1,1,0,216.99961975000042,7ea724e173528937decf72be9f1ea08eb93b25971c90d046e28b88935ae8b8f6,a_gemma_product_cv,2026-06-21T21:55:40+00:00
study-a:a_gemma_product_sparse:gemma4-12b:sparse:audit_log_redaction:1,audit_log_redaction,product_workflows,gemma4-12b,ollama/gemma4:12b,ollama,ollama-local,sparse,1,north-mini-vs-gemma4-12b-2026-06-21-gemma4-12b-product_workflows-sparse,1,1,,1,0,1,667.325079000002,e356a4585294a30c1971facc84b586627a754f801acad89a3037c3361e40cd59,a_gemma_product_sparse,2026-06-21T20:02:57+00:00
study-a:a_gemma_product_sparse:gemma4-12b:sparse:billing_proration:1,billing_proration,product_workflows,gemma4-12b,ollama/gemma4:12b,ollama,ollama-local,sparse,1,north-mini-vs-gemma4-12b-2026-06-21-gemma4-12b-product_workflows-sparse,1,1,,1,0,1,120.17624133299978,f11b7d9035460d1e0de83f29a93619e97b731d63531b5a9b2d17e225a9d579e2,a_gemma_product_sparse,2026-06-21T20:14:19+00:00
study-a:a_gemma_product_sparse:gemma4-12b:sparse:bulk_invite_dedupe:1,bulk_invite_dedupe,product_workflows,gemma4-12b,ollama/gemma4:12b,ollama,ollama-local,sparse,1,north-mini-vs-gemma4-12b-2026-06-21-gemma4-12b-product_workflows-sparse,1,1,,1,0,1,154.40690516700124,bb51981f0feb0da70f4f43f2ed20d168fa16b55b52bab204ff219e637b4b80ed,a_gemma_product_sparse,2026-06-21T20:16:34+00:00
study-a:a_gemma_product_sparse:gemma4-12b:sparse:cart_discount_stack:1,cart_discount_stack,product_workflows,gemma4-12b,ollama/gemma4:12b,ollama,ollama-local,sparse,1,north-mini-vs-gemma4-12b-2026-06-21-gemma4-12b-product_workflows-sparse,1,1,,0,0,0,71.04276091700012,e3b0c44298fc1c149afbf4c8996fb92427ae41e4649b934ca495991b7852b855,a_gemma_product_sparse,2026-06-21T20:19:24+00:00
study-a:a_gemma_product_sparse:gemma4-12b:sparse:feature_rollout_bucket:1,feature_rollout_bucket,product_workflows,gemma4-12b,ollama/gemma4:12b,ollama,ollama-local,sparse,1,north-mini-vs-gemma4-12b-2026-06-21-gemma4-12b-product_workflows-sparse,1,1,,0,0,0,534.7354448330007,e3b0c44298fc1c149afbf4c8996fb92427ae41e4649b934ca495991b7852b855,a_gemma_product_sparse,2026-06-21T20:20:50+00:00
study-a:a_gemma_product_sparse:gemma4-12b:sparse:inventory_reservation_idempotency:1,inventory_reservation_idempotency,product_workflows,gemma4-12b,ollama/gemma4:12b,ollama,ollama-local,sparse,1,north-mini-vs-gemma4-12b-2026-06-21-gemma4-12b-product_workflows-sparse,1,1,,0,0,0,60.0864806249956,e3b0c44298fc1c149afbf4c8996fb92427ae41e4649b934ca495991b7852b855,a_gemma_product_sparse,2026-06-21T20:29:59+00:00
study-a:a_gemma_product_sparse:gemma4-12b:sparse:markdown_slug_collision:1,markdown_slug_collision,product_workflows,gemma4-12b,ollama/gemma4:12b,ollama,ollama-local,sparse,1,north-mini-vs-gemma4-12b-2026-06-21-gemma4-12b-product_workflows-sparse,1,1,,0,0,0,535.6287540409976,5773656a135cff3bd88d3ddce2721917ebb7561c94e3caf685901bf8d91d5108,a_gemma_product_sparse,2026-06-21T20:31:15+00:00
study-a:a_gemma_product_sparse:gemma4-12b:sparse:search_ranking_stability:1,search_ranking_stability,product_workflows,gemma4-12b,ollama/gemma4:12b,ollama,ollama-local,sparse,1,north-mini-vs-gemma4-12b-2026-06-21-gemma4-12b-product_workflows-sparse,1,1,,1,0,1,153.989321999994,42f7fe2d17d27c15feb8c960697590310125ad64fe925d59730b288c3244eb7d,a_gemma_product_sparse,2026-06-21T20:40:25+00:00
study-a:a_gemma_product_sparse:gemma4-12b:sparse:silent_exception_swallower:1,silent_exception_swallower,product_workflows,gemma4-12b,ollama/gemma4:12b,ollama,ollama-local,sparse,1,north-mini-vs-gemma4-12b-2026-06-21-gemma4-12b-product_workflows-sparse,1,1,,1,1,0,179.69212679200427,e416fa4fa36b767628f9d9fbaf1bd73a837df6e592e52be04f35d8ac16e4d251,a_gemma_product_sparse,2026-06-21T20:43:14+00:00
study-a:a_gemma_product_sparse:gemma4-12b:sparse:support_sla_business_hours:1,support_sla_business_hours,product_workflows,gemma4-12b,ollama/gemma4:12b,ollama,ollama-local,sparse,1,north-mini-vs-gemma4-12b-2026-06-21-gemma4-12b-product_workflows-sparse,1,1,,0,0,0,649.6165472089997,fb62afd1f291ceba76658546d3265c7fbf3eceda700b66dfa47e7d5626ed4dfc,a_gemma_product_sparse,2026-06-21T20:46:29+00:00
study-a:a_gemma_product_sparse:gemma4-12b:sparse:webhook_signature_raw_body:1,webhook_signature_raw_body,product_workflows,gemma4-12b,ollama/gemma4:12b,ollama,ollama-local,sparse,1,north-mini-vs-gemma4-12b-2026-06-21-gemma4-12b-product_workflows-sparse,1,1,,1,1,0,90.62614279099944,f93015c86b99a74840cca1445336d364336e82a90988a24638621c31e34be5f1,a_gemma_product_sparse,2026-06-21T20:57:34+00:00
study-a:a_laguna_ci_cv:laguna-xs2:contract_visible:async_export_race:1,async_export_race,ci_forensics,laguna-xs2,openrouter/poolside/laguna-xs.2:free,openrouter,openrouter,contract_visible,1,laguna-xs2-vs-north-mini-2026-06-22-laguna-xs2-ci_forensics-contract_visible,1,1,,1,1,0,399.50472679200175,d5833d7a5696efdea8901191a11c7582f9439530749f288c30e3800258f2f96f,a_laguna_ci_cv,2026-06-22T21:31:23+00:00
study-a:a_laguna_ci_cv:laguna-xs2:contract_visible:config_deep_merge:1,config_deep_merge,ci_forensics,laguna-xs2,openrouter/poolside/laguna-xs.2:free,openrouter,openrouter,contract_visible,1,laguna-xs2-vs-north-mini-2026-06-22-laguna-xs2-ci_forensics-contract_visible,1,1,,1,1,0,87.85730558300565,bc339ce36603b5d784f27d0d62b45c776a83d3d20ba5bbf8cb5fa209f40d06ad,a_laguna_ci_cv,2026-06-22T21:38:17+00:00
study-a:a_laguna_ci_cv:laguna-xs2:contract_visible:csv_header_contract:1,csv_header_contract,ci_forensics,laguna-xs2,openrouter/poolside/laguna-xs.2:free,openrouter,openrouter,contract_visible,1,laguna-xs2-vs-north-mini-2026-06-22-laguna-xs2-ci_forensics-contract_visible,1,1,,1,1,0,132.62663866700314,db347352504099eab31f680c468529723c7e66082752c0d63044fc5050d8ba92,a_laguna_ci_cv,2026-06-22T21:40:00+00:00
study-a:a_laguna_ci_cv:laguna-xs2:contract_visible:decimal_money_rounding:1,decimal_money_rounding,ci_forensics,laguna-xs2,openrouter/poolside/laguna-xs.2:free,openrouter,openrouter,contract_visible,1,laguna-xs2-vs-north-mini-2026-06-22-laguna-xs2-ci_forensics-contract_visible,1,1,,1,1,0,95.6015292499942,5a39a2c4d4bf7603ecffbf3f29674871afbc9728613f062efca8bcdc9717cb6f,a_laguna_ci_cv,2026-06-22T21:42:28+00:00
study-a:a_laguna_ci_cv:laguna-xs2:contract_visible:dependency_api_change:1,dependency_api_change,ci_forensics,laguna-xs2,openrouter/poolside/laguna-xs.2:free,openrouter,openrouter,contract_visible,1,laguna-xs2-vs-north-mini-2026-06-22-laguna-xs2-ci_forensics-contract_visible,1,1,,1,1,0,124.75608045900299,8dd348b755af237495f7cb5ca061bb33bb74e0f1f84d170deffc60b16009c103,a_laguna_ci_cv,2026-06-22T21:44:18+00:00
study-a:a_laguna_ci_cv:laguna-xs2:contract_visible:env_bool_parser:1,env_bool_parser,ci_forensics,laguna-xs2,openrouter/poolside/laguna-xs.2:free,openrouter,openrouter,contract_visible,1,laguna-xs2-vs-north-mini-2026-06-22-laguna-xs2-ci_forensics-contract_visible,1,1,,1,1,0,38.44555275001039,39e8d75df224960a68d84cb1f720a379cf715fcc0cb2a6bb62842072a93fd16a,a_laguna_ci_cv,2026-06-22T21:46:38+00:00
study-a:a_laguna_ci_cv:laguna-xs2:contract_visible:idempotency_key_regression:1,idempotency_key_regression,ci_forensics,laguna-xs2,openrouter/poolside/laguna-xs.2:free,openrouter,openrouter,contract_visible,1,laguna-xs2-vs-north-mini-2026-06-22-laguna-xs2-ci_forensics-contract_visible,1,1,,1,1,0,67.41520608399878,62012d1798bddd15286fd34907980f4b0fd5fc51e237cb27c83b7c815fa98ff5,a_laguna_ci_cv,2026-06-22T21:47:32+00:00
study-a:a_laguna_ci_cv:laguna-xs2:contract_visible:mutable_default_leak:1,mutable_default_leak,ci_forensics,laguna-xs2,openrouter/poolside/laguna-xs.2:free,openrouter,openrouter,contract_visible,1,laguna-xs2-vs-north-mini-2026-06-22-laguna-xs2-ci_forensics-contract_visible,1,1,,1,1,0,36.54968008400465,2903509664d9d24795ce8c9e833f1ea947e6f77cabb5bfddcffce31b626a9fad,a_laguna_ci_cv,2026-06-22T21:48:54+00:00
study-a:a_laguna_ci_cv:laguna-xs2:contract_visible:pagination_cursor_drift:1,pagination_cursor_drift,ci_forensics,laguna-xs2,openrouter/poolside/laguna-xs.2:free,openrouter,openrouter,contract_visible,1,laguna-xs2-vs-north-mini-2026-06-22-laguna-xs2-ci_forensics-contract_visible,1,1,,1,1,0,24.934353000004194,c5d94acac7c39c9a7464c3f7eb0da3a3e5325e4f4f321ba795f19f8039a2c59f,a_laguna_ci_cv,2026-06-22T21:49:46+00:00
study-a:a_laguna_ci_cv:laguna-xs2:contract_visible:stale_generated_schema:1,stale_generated_schema,ci_forensics,laguna-xs2,openrouter/poolside/laguna-xs.2:free,openrouter,openrouter,contract_visible,1,laguna-xs2-vs-north-mini-2026-06-22-laguna-xs2-ci_forensics-contract_visible,1,1,,1,1,0,52.20020325000223,e3b0c44298fc1c149afbf4c8996fb92427ae41e4649b934ca495991b7852b855,a_laguna_ci_cv,2026-06-22T21:50:25+00:00
study-a:a_laguna_ci_cv:laguna-xs2:contract_visible:tenant_cache_leak:1,tenant_cache_leak,ci_forensics,laguna-xs2,openrouter/poolside/laguna-xs.2:free,openrouter,openrouter,contract_visible,1,laguna-xs2-vs-north-mini-2026-06-22-laguna-xs2-ci_forensics-contract_visible,1,1,,1,1,0,23.906036166998092,cc166c5233521e0f2bd37940757ef9f01f24a0f5066b27a32783ca4aaeebf14a,a_laguna_ci_cv,2026-06-22T21:51:33+00:00
study-a:a_laguna_ci_cv:laguna-xs2:contract_visible:timezone_ci_only:1,timezone_ci_only,ci_forensics,laguna-xs2,openrouter/poolside/laguna-xs.2:free,openrouter,openrouter,contract_visible,1,laguna-xs2-vs-north-mini-2026-06-22-laguna-xs2-ci_forensics-contract_visible,1,1,,1,1,0,65.96662600000855,2f44639007fdefb8ba37b7b2f8a645260f39907c79b563cdd87eb21eed026d63,a_laguna_ci_cv,2026-06-22T21:52:12+00:00
study-a:a_laguna_ci_sparse:laguna-xs2:sparse:async_export_race:1,async_export_race,ci_forensics,laguna-xs2,openrouter/poolside/laguna-xs.2:free,openrouter,openrouter,sparse,1,laguna-xs2-vs-north-mini-2026-06-22-laguna-xs2-ci_forensics-sparse,1,1,,1,1,0,19.123107542007347,b7d66452c670789cae5bb68dbc2b68657be4396281f2a9feab0ab533bad8e9c6,a_laguna_ci_sparse,2026-06-22T20:56:42+00:00
study-a:a_laguna_ci_sparse:laguna-xs2:sparse:config_deep_merge:1,config_deep_merge,ci_forensics,laguna-xs2,openrouter/poolside/laguna-xs.2:free,openrouter,openrouter,sparse,1,laguna-xs2-vs-north-mini-2026-06-22-laguna-xs2-ci_forensics-sparse,1,1,,1,1,0,34.21601145900786,a8af6e5f0ff95a7c637227af94be111ed025723e3f16062fa23b49e3ee3de8ff,a_laguna_ci_sparse,2026-06-22T20:57:17+00:00
study-a:a_laguna_ci_sparse:laguna-xs2:sparse:csv_header_contract:1,csv_header_contract,ci_forensics,laguna-xs2,openrouter/poolside/laguna-xs.2:free,openrouter,openrouter,sparse,1,laguna-xs2-vs-north-mini-2026-06-22-laguna-xs2-ci_forensics-sparse,1,1,,1,0,1,115.82806558300217,8f12b36146007ea64906ddf16c85e7c76e13bb167c3f0181aa7fb2bb3b05929b,a_laguna_ci_sparse,2026-06-22T20:58:06+00:00
study-a:a_laguna_ci_sparse:laguna-xs2:sparse:decimal_money_rounding:1,decimal_money_rounding,ci_forensics,laguna-xs2,openrouter/poolside/laguna-xs.2:free,openrouter,openrouter,sparse,1,laguna-xs2-vs-north-mini-2026-06-22-laguna-xs2-ci_forensics-sparse,1,1,,1,0,1,36.37415683400468,9ca2b900d0a26369bafe5350147c66aecfb0089ecf3eb8584e64f235dce5e1e5,a_laguna_ci_sparse,2026-06-22T21:00:17+00:00
study-a:a_laguna_ci_sparse:laguna-xs2:sparse:dependency_api_change:1,dependency_api_change,ci_forensics,laguna-xs2,openrouter/poolside/laguna-xs.2:free,openrouter,openrouter,sparse,1,laguna-xs2-vs-north-mini-2026-06-22-laguna-xs2-ci_forensics-sparse,1,1,,1,0,1,22.704777582999668,f7d350b8574c2c47b1389da617363ac8472cd0d8cd2cab6435b973fa903788bd,a_laguna_ci_sparse,2026-06-22T21:01:08+00:00
study-a:a_laguna_ci_sparse:laguna-xs2:sparse:env_bool_parser:1,env_bool_parser,ci_forensics,laguna-xs2,openrouter/poolside/laguna-xs.2:free,openrouter,openrouter,sparse,1,laguna-xs2-vs-north-mini-2026-06-22-laguna-xs2-ci_forensics-sparse,1,1,,1,0,1,34.16665608299081,fb3716f0c48e4a44f9fbe547706f03b058f092a68528c121dbfb8c6ecd85d381,a_laguna_ci_sparse,2026-06-22T21:01:46+00:00
study-a:a_laguna_ci_sparse:laguna-xs2:sparse:idempotency_key_regression:1,idempotency_key_regression,ci_forensics,laguna-xs2,openrouter/poolside/laguna-xs.2:free,openrouter,openrouter,sparse,1,laguna-xs2-vs-north-mini-2026-06-22-laguna-xs2-ci_forensics-sparse,1,1,,1,1,0,75.66455545800272,62012d1798bddd15286fd34907980f4b0fd5fc51e237cb27c83b7c815fa98ff5,a_laguna_ci_sparse,2026-06-22T21:02:35+00:00
study-a:a_laguna_ci_sparse:laguna-xs2:sparse:mutable_default_leak:1,mutable_default_leak,ci_forensics,laguna-xs2,openrouter/poolside/laguna-xs.2:free,openrouter,openrouter,sparse,1,laguna-xs2-vs-north-mini-2026-06-22-laguna-xs2-ci_forensics-sparse,1,1,,1,1,0,35.034751291997964,68d9b81378d62f048d81763d3114f33f11791737ad82465c90242cc422797647,a_laguna_ci_sparse,2026-06-22T21:04:06+00:00
study-a:a_laguna_ci_sparse:laguna-xs2:sparse:pagination_cursor_drift:1,pagination_cursor_drift,ci_forensics,laguna-xs2,openrouter/poolside/laguna-xs.2:free,openrouter,openrouter,sparse,1,laguna-xs2-vs-north-mini-2026-06-22-laguna-xs2-ci_forensics-sparse,1,1,,1,1,0,27.722112208008184,c5d94acac7c39c9a7464c3f7eb0da3a3e5325e4f4f321ba795f19f8039a2c59f,a_laguna_ci_sparse,2026-06-22T21:04:56+00:00
study-a:a_laguna_ci_sparse:laguna-xs2:sparse:stale_generated_schema:1,stale_generated_schema,ci_forensics,laguna-xs2,openrouter/poolside/laguna-xs.2:free,openrouter,openrouter,sparse,1,laguna-xs2-vs-north-mini-2026-06-22-laguna-xs2-ci_forensics-sparse,1,1,,1,1,0,56.76586045901058,0842ab7d5050c98e10f5337c8bea97900e0ba6fac666ec6c1cb4cfa975d2bf3b,a_laguna_ci_sparse,2026-06-22T21:05:38+00:00
study-a:a_laguna_ci_sparse:laguna-xs2:sparse:tenant_cache_leak:1,tenant_cache_leak,ci_forensics,laguna-xs2,openrouter/poolside/laguna-xs.2:free,openrouter,openrouter,sparse,1,laguna-xs2-vs-north-mini-2026-06-22-laguna-xs2-ci_forensics-sparse,1,1,,1,1,0,47.34006008300639,99165dd9ff7e83f84c41e8f2a3610a433b66ec2e2d7006cdd550744a4c4055c4,a_laguna_ci_sparse,2026-06-22T21:06:50+00:00
study-a:a_laguna_ci_sparse:laguna-xs2:sparse:timezone_ci_only:1,timezone_ci_only,ci_forensics,laguna-xs2,openrouter/poolside/laguna-xs.2:free,openrouter,openrouter,sparse,1,laguna-xs2-vs-north-mini-2026-06-22-laguna-xs2-ci_forensics-sparse,1,1,,1,1,0,20.039012417008053,be3e608188cd52659178b28ea580cd3f10569bc7801718222450d05e80fe62d6,a_laguna_ci_sparse,2026-06-22T21:07:53+00:00
study-a:a_north_ci_cv:north-mini:contract_visible:async_export_race:1,async_export_race,ci_forensics,north-mini,opencode/north-mini-code-free,opencode,opencode-zen,contract_visible,1,north-mini-vs-gemma4-12b-2026-06-21-north-mini-ci_forensics-contract_visible,1,1,,1,1,0,16.52135383299901,fab26114dd35c27bfe3aed7cf73f331df7384ee22edd0274e863419f7bd9875c,a_north_ci_cv,2026-06-21T15:14:50+00:00
study-a:a_north_ci_cv:north-mini:contract_visible:config_deep_merge:1,config_deep_merge,ci_forensics,north-mini,opencode/north-mini-code-free,opencode,opencode-zen,contract_visible,1,north-mini-vs-gemma4-12b-2026-06-21-north-mini-ci_forensics-contract_visible,1,1,,1,1,0,57.44436499999938,a8af6e5f0ff95a7c637227af94be111ed025723e3f16062fa23b49e3ee3de8ff,a_north_ci_cv,2026-06-21T15:15:21+00:00
study-a:a_north_ci_cv:north-mini:contract_visible:csv_header_contract:1,csv_header_contract,ci_forensics,north-mini,opencode/north-mini-code-free,opencode,opencode-zen,contract_visible,1,north-mini-vs-gemma4-12b-2026-06-21-north-mini-ci_forensics-contract_visible,1,1,,1,1,0,29.253597750001063,3035c0702f379bb62d80023bd58718f45877bc925f39b7f47e6c3632214a03b0,a_north_ci_cv,2026-06-21T15:16:34+00:00
study-a:a_north_ci_cv:north-mini:contract_visible:decimal_money_rounding:1,decimal_money_rounding,ci_forensics,north-mini,opencode/north-mini-code-free,opencode,opencode-zen,contract_visible,1,north-mini-vs-gemma4-12b-2026-06-21-north-mini-ci_forensics-contract_visible,1,1,,1,1,0,23.9160296250011,6b8fe68aa734f4cdcef87db36d30790aa950bde8e9b7d4f04f76605aadfb4142,a_north_ci_cv,2026-06-21T15:17:18+00:00
study-a:a_north_ci_cv:north-mini:contract_visible:dependency_api_change:1,dependency_api_change,ci_forensics,north-mini,opencode/north-mini-code-free,opencode,opencode-zen,contract_visible,1,north-mini-vs-gemma4-12b-2026-06-21-north-mini-ci_forensics-contract_visible,1,1,,1,1,0,20.182507124998665,774518e2df9376466149b649cd996e1a30108d46705d87d0103aaae9a67d05f8,a_north_ci_cv,2026-06-21T15:17:57+00:00
study-a:a_north_ci_cv:north-mini:contract_visible:env_bool_parser:1,env_bool_parser,ci_forensics,north-mini,opencode/north-mini-code-free,opencode,opencode-zen,contract_visible,1,north-mini-vs-gemma4-12b-2026-06-21-north-mini-ci_forensics-contract_visible,1,1,,1,0,1,15.98957608300043,d12cd5ab360dc7eecc6db8889c3d57b513d37c701157086e8eb30a4b7255e4f8,a_north_ci_cv,2026-06-21T15:18:32+00:00
study-a:a_north_ci_cv:north-mini:contract_visible:idempotency_key_regression:1,idempotency_key_regression,ci_forensics,north-mini,opencode/north-mini-code-free,opencode,opencode-zen,contract_visible,1,north-mini-vs-gemma4-12b-2026-06-21-north-mini-ci_forensics-contract_visible,1,1,,1,1,0,14.185696874999849,62012d1798bddd15286fd34907980f4b0fd5fc51e237cb27c83b7c815fa98ff5,a_north_ci_cv,2026-06-21T15:19:03+00:00
study-a:a_north_ci_cv:north-mini:contract_visible:mutable_default_leak:1,mutable_default_leak,ci_forensics,north-mini,opencode/north-mini-code-free,opencode,opencode-zen,contract_visible,1,north-mini-vs-gemma4-12b-2026-06-21-north-mini-ci_forensics-contract_visible,1,1,,1,1,0,9.446065291000195,2903509664d9d24795ce8c9e833f1ea947e6f77cabb5bfddcffce31b626a9fad,a_north_ci_cv,2026-06-21T15:19:32+00:00
study-a:a_north_ci_cv:north-mini:contract_visible:pagination_cursor_drift:1,pagination_cursor_drift,ci_forensics,north-mini,opencode/north-mini-code-free,opencode,opencode-zen,contract_visible,1,north-mini-vs-gemma4-12b-2026-06-21-north-mini-ci_forensics-contract_visible,1,1,,1,1,0,25.52876662500057,c5d94acac7c39c9a7464c3f7eb0da3a3e5325e4f4f321ba795f19f8039a2c59f,a_north_ci_cv,2026-06-21T15:19:57+00:00
study-a:a_north_ci_cv:north-mini:contract_visible:stale_generated_schema:1,stale_generated_schema,ci_forensics,north-mini,opencode/north-mini-code-free,opencode,opencode-zen,contract_visible,1,north-mini-vs-gemma4-12b-2026-06-21-north-mini-ci_forensics-contract_visible,1,1,,1,1,0,17.192126042000382,0842ab7d5050c98e10f5337c8bea97900e0ba6fac666ec6c1cb4cfa975d2bf3b,a_north_ci_cv,2026-06-21T15:20:37+00:00
study-a:a_north_ci_cv:north-mini:contract_visible:tenant_cache_leak:1,tenant_cache_leak,ci_forensics,north-mini,opencode/north-mini-code-free,opencode,opencode-zen,contract_visible,1,north-mini-vs-gemma4-12b-2026-06-21-north-mini-ci_forensics-contract_visible,1,1,,1,1,0,15.674413624999943,80f46a64a4f02f74906c7f2e6cbd88db7dfc8f60a9e99de8e2b37d2eba562a22,a_north_ci_cv,2026-06-21T15:21:10+00:00
study-a:a_north_ci_cv:north-mini:contract_visible:timezone_ci_only:1,timezone_ci_only,ci_forensics,north-mini,opencode/north-mini-code-free,opencode,opencode-zen,contract_visible,1,north-mini-vs-gemma4-12b-2026-06-21-north-mini-ci_forensics-contract_visible,1,1,,1,1,0,12.668510458001037,be3e608188cd52659178b28ea580cd3f10569bc7801718222450d05e80fe62d6,a_north_ci_cv,2026-06-21T15:21:40+00:00
study-a:a_north_ci_sparse:north-mini:sparse:async_export_race:1,async_export_race,ci_forensics,north-mini,opencode/north-mini-code-free,opencode,opencode-zen,sparse,1,20260620T015124Z-ci_forensics-df995f95,1,1,,1,1,0,14.533632417209446,752161c5fe94c4b9a1d8d74c218d346fef5316ffcb8b8bd2af4ab2d824346603,a_north_ci_sparse,2026-06-20T01:51:24+00:00
study-a:a_north_ci_sparse:north-mini:sparse:config_deep_merge:1,config_deep_merge,ci_forensics,north-mini,opencode/north-mini-code-free,opencode,opencode-zen,sparse,1,20260620T015124Z-ci_forensics-df995f95,1,1,,1,1,0,10.458178500179201,a8af6e5f0ff95a7c637227af94be111ed025723e3f16062fa23b49e3ee3de8ff,a_north_ci_sparse,2026-06-20T01:51:38+00:00
study-a:a_north_ci_sparse:north-mini:sparse:csv_header_contract:1,csv_header_contract,ci_forensics,north-mini,opencode/north-mini-code-free,opencode,opencode-zen,sparse,1,20260620T015124Z-ci_forensics-df995f95,1,1,,1,0,1,8.467647667042911,f812ae863a52f4d948c86fcf9279e99158c91ad046b909e6168c97aabd071fb4,a_north_ci_sparse,2026-06-20T01:51:49+00:00
study-a:a_north_ci_sparse:north-mini:sparse:decimal_money_rounding:1,decimal_money_rounding,ci_forensics,north-mini,opencode/north-mini-code-free,opencode,opencode-zen,sparse,1,20260620T015124Z-ci_forensics-df995f95,1,1,,1,0,1,19.406284499913454,a5cedca592de50eb4c71418516481da7d9fb2cfdfbb8a29d19f14d5c0b7d582c,a_north_ci_sparse,2026-06-20T01:51:57+00:00
study-a:a_north_ci_sparse:north-mini:sparse:dependency_api_change:1,dependency_api_change,ci_forensics,north-mini,opencode/north-mini-code-free,opencode,opencode-zen,sparse,1,20260620T015124Z-ci_forensics-df995f95,1,1,,1,0,1,14.014022749848664,f7d350b8574c2c47b1389da617363ac8472cd0d8cd2cab6435b973fa903788bd,a_north_ci_sparse,2026-06-20T01:52:17+00:00
study-a:a_north_ci_sparse:north-mini:sparse:env_bool_parser:1,env_bool_parser,ci_forensics,north-mini,opencode/north-mini-code-free,opencode,opencode-zen,sparse,1,20260620T015124Z-ci_forensics-df995f95,1,1,,1,0,1,14.794639165978879,794c46c9af67359ce23c32ee5bd05238f6fbb743a4353bb5733bea26dc43b0e2,a_north_ci_sparse,2026-06-20T01:52:31+00:00
study-a:a_north_ci_sparse:north-mini:sparse:idempotency_key_regression:1,idempotency_key_regression,ci_forensics,north-mini,opencode/north-mini-code-free,opencode,opencode-zen,sparse,1,20260620T015124Z-ci_forensics-df995f95,1,1,,1,1,0,10.883831250015646,62012d1798bddd15286fd34907980f4b0fd5fc51e237cb27c83b7c815fa98ff5,a_north_ci_sparse,2026-06-20T01:52:45+00:00
study-a:a_north_ci_sparse:north-mini:sparse:mutable_default_leak:1,mutable_default_leak,ci_forensics,north-mini,opencode/north-mini-code-free,opencode,opencode-zen,sparse,1,20260620T015124Z-ci_forensics-df995f95,1,1,,1,1,0,12.228574291802943,2903509664d9d24795ce8c9e833f1ea947e6f77cabb5bfddcffce31b626a9fad,a_north_ci_sparse,2026-06-20T01:52:56+00:00
study-a:a_north_ci_sparse:north-mini:sparse:pagination_cursor_drift:1,pagination_cursor_drift,ci_forensics,north-mini,opencode/north-mini-code-free,opencode,opencode-zen,sparse,1,20260620T015124Z-ci_forensics-df995f95,1,1,,1,1,0,11.788355083670467,c5d94acac7c39c9a7464c3f7eb0da3a3e5325e4f4f321ba795f19f8039a2c59f,a_north_ci_sparse,2026-06-20T01:53:09+00:00
study-a:a_north_ci_sparse:north-mini:sparse:stale_generated_schema:1,stale_generated_schema,ci_forensics,north-mini,opencode/north-mini-code-free,opencode,opencode-zen,sparse,1,20260620T015124Z-ci_forensics-df995f95,1,1,,1,1,0,13.453588124830276,0842ab7d5050c98e10f5337c8bea97900e0ba6fac666ec6c1cb4cfa975d2bf3b,a_north_ci_sparse,2026-06-20T01:53:20+00:00
study-a:a_north_ci_sparse:north-mini:sparse:tenant_cache_leak:1,tenant_cache_leak,ci_forensics,north-mini,opencode/north-mini-code-free,opencode,opencode-zen,sparse,1,20260620T015124Z-ci_forensics-df995f95,1,1,,1,1,0,10.269013207871467,0d71f1d4bc24f39a83384bb7a4ab877c972cfde21d00fa348ad93cb4d8f36333,a_north_ci_sparse,2026-06-20T01:53:34+00:00
study-a:a_north_ci_sparse:north-mini:sparse:timezone_ci_only:1,timezone_ci_only,ci_forensics,north-mini,opencode/north-mini-code-free,opencode,opencode-zen,sparse,1,20260620T015124Z-ci_forensics-df995f95,1,1,,1,1,0,10.010466000065207,be3e608188cd52659178b28ea580cd3f10569bc7801718222450d05e80fe62d6,a_north_ci_sparse,2026-06-20T01:53:44+00:00
study-a:a_north_maint_cv:north-mini:contract_visible:adapter_field_rename:1,adapter_field_rename,maintenance_value,north-mini,opencode/north-mini-code-free,opencode,opencode-zen,contract_visible,1,north-mini-vs-gemma4-12b-2026-06-21-north-mini-maintenance_value-contract_visible,1,1,,1,1,0,176.4985193749999,832fd87b1376e0113647595c99c27a1122b6b982ad7bfe4eef680d96149d16d9,a_north_maint_cv,2026-06-21T15:26:33+00:00
study-a:a_north_maint_cv:north-mini:contract_visible:batch_splitter_utility:1,batch_splitter_utility,maintenance_value,north-mini,opencode/north-mini-code-free,opencode,opencode-zen,contract_visible,1,north-mini-vs-gemma4-12b-2026-06-21-north-mini-maintenance_value-contract_visible,1,1,,0,0,0,23.74147512499985,e3b0c44298fc1c149afbf4c8996fb92427ae41e4649b934ca495991b7852b855,a_north_maint_cv,2026-06-21T15:29:44+00:00
study-a:a_north_maint_cv:north-mini:contract_visible:docs_cli_sync:1,docs_cli_sync,maintenance_value,north-mini,opencode/north-mini-code-free,opencode,opencode-zen,contract_visible,1,north-mini-vs-gemma4-12b-2026-06-21-north-mini-maintenance_value-contract_visible,1,1,,1,1,0,25.768219375000626,5ae3183a45363bdfa7501932243923915991936dca8907241137b785aa2edee4,a_north_maint_cv,2026-06-21T15:30:23+00:00
study-a:a_north_maint_cv:north-mini:contract_visible:explicit_validation_matrix:1,explicit_validation_matrix,maintenance_value,north-mini,opencode/north-mini-code-free,opencode,opencode-zen,contract_visible,1,north-mini-vs-gemma4-12b-2026-06-21-north-mini-maintenance_value-contract_visible,1,1,,1,1,0,19.523037040999043,6a59c53d2e2df3a62c276f602efd4c046c1cd1b236fea25cca3c5894223922f4,a_north_maint_cv,2026-06-21T15:31:04+00:00
study-a:a_north_maint_cv:north-mini:contract_visible:fixture_schema_migration:1,fixture_schema_migration,maintenance_value,north-mini,opencode/north-mini-code-free,opencode,opencode-zen,contract_visible,1,north-mini-vs-gemma4-12b-2026-06-21-north-mini-maintenance_value-contract_visible,1,1,,1,1,0,16.020045542001753,c1098962a75f71fe7ac0ae6b83133fa89caf32da854864af9b6c3d68c32659f2,a_north_maint_cv,2026-06-21T15:31:38+00:00
study-a:a_north_maint_cv:north-mini:contract_visible:generated_openapi_refresh:1,generated_openapi_refresh,maintenance_value,north-mini,opencode/north-mini-code-free,opencode,opencode-zen,contract_visible,1,north-mini-vs-gemma4-12b-2026-06-21-north-mini-maintenance_value-contract_visible,1,1,,1,1,0,20.11894312500226,eb97893897eca488e39801aa125eca88de7ccdb9598994d46a91aa1377264118,a_north_maint_cv,2026-06-21T15:32:09+00:00
study-a:a_north_maint_cv:north-mini:contract_visible:import_hygiene_fix:1,import_hygiene_fix,maintenance_value,north-mini,opencode/north-mini-code-free,opencode,opencode-zen,contract_visible,1,north-mini-vs-gemma4-12b-2026-06-21-north-mini-maintenance_value-contract_visible,1,1,,1,1,0,17.23921162500119,a1220e0fd4ce5e8aabc88dd4ad6ca336c3fc13647a853b2cf9a3ffa91ca22456,a_north_maint_cv,2026-06-21T15:32:45+00:00
study-a:a_north_maint_cv:north-mini:contract_visible:logger_warn_migration:1,logger_warn_migration,maintenance_value,north-mini,opencode/north-mini-code-free,opencode,opencode-zen,contract_visible,1,north-mini-vs-gemma4-12b-2026-06-21-north-mini-maintenance_value-contract_visible,1,1,,1,1,0,23.675912041999254,b0dc81f063b5b9b0d4651806814848ee08c80d5962460494b8d4007da6869545,a_north_maint_cv,2026-06-21T15:33:17+00:00
study-a:a_north_maint_cv:north-mini:contract_visible:regression_test_gap:1,regression_test_gap,maintenance_value,north-mini,opencode/north-mini-code-free,opencode,opencode-zen,contract_visible,1,north-mini-vs-gemma4-12b-2026-06-21-north-mini-maintenance_value-contract_visible,1,1,,1,1,0,10.610589583000547,c5490075303f22658dfef8513f9c58176a0560fce970444f96f361722c9f35ee,a_north_maint_cv,2026-06-21T15:33:56+00:00
study-a:a_north_maint_cv:north-mini:contract_visible:utcnow_timezone_migration:1,utcnow_timezone_migration,maintenance_value,north-mini,opencode/north-mini-code-free,opencode,opencode-zen,contract_visible,1,north-mini-vs-gemma4-12b-2026-06-21-north-mini-maintenance_value-contract_visible,1,1,,1,1,0,24.30235279200133,c6ce1d6f15a594a0b15c5eddbee4b176bdd0ef61e521af078c05d0c40574436e,a_north_maint_cv,2026-06-21T15:34:21+00:00
study-a:a_north_maint_sparse:north-mini:sparse:adapter_field_rename:1,adapter_field_rename,maintenance_value,north-mini,opencode/north-mini-code-free,opencode,opencode-zen,sparse,1,north-mini-vs-gemma4-12b-2026-06-21-north-mini-maintenance_value-sparse,1,1,,1,0,1,23.7239690410006,07222f5b85004861d139486ba941308cbc55911b98b1b3464234a125358c52de,a_north_maint_sparse,2026-06-21T15:21:53+00:00
study-a:a_north_maint_sparse:north-mini:sparse:batch_splitter_utility:1,batch_splitter_utility,maintenance_value,north-mini,opencode/north-mini-code-free,opencode,opencode-zen,sparse,1,north-mini-vs-gemma4-12b-2026-06-21-north-mini-maintenance_value-sparse,1,1,,1,0,1,14.766075042000011,72b187f4214dba6a5950b01c6be3ba8431918e426f626cb39084ba4c9cece82d,a_north_maint_sparse,2026-06-21T15:22:32+00:00
study-a:a_north_maint_sparse:north-mini:sparse:docs_cli_sync:1,docs_cli_sync,maintenance_value,north-mini,opencode/north-mini-code-free,opencode,opencode-zen,sparse,1,north-mini-vs-gemma4-12b-2026-06-21-north-mini-maintenance_value-sparse,1,1,,1,1,0,11.27043020900237,5ae3183a45363bdfa7501932243923915991936dca8907241137b785aa2edee4,a_north_maint_sparse,2026-06-21T15:23:02+00:00
study-a:a_north_maint_sparse:north-mini:sparse:explicit_validation_matrix:1,explicit_validation_matrix,maintenance_value,north-mini,opencode/north-mini-code-free,opencode,opencode-zen,sparse,1,north-mini-vs-gemma4-12b-2026-06-21-north-mini-maintenance_value-sparse,1,1,,1,1,0,12.81868575000044,6a59c53d2e2df3a62c276f602efd4c046c1cd1b236fea25cca3c5894223922f4,a_north_maint_sparse,2026-06-21T15:23:28+00:00
study-a:a_north_maint_sparse:north-mini:sparse:fixture_schema_migration:1,fixture_schema_migration,maintenance_value,north-mini,opencode/north-mini-code-free,opencode,opencode-zen,sparse,1,north-mini-vs-gemma4-12b-2026-06-21-north-mini-maintenance_value-sparse,1,1,,1,1,0,12.876382374997775,c1098962a75f71fe7ac0ae6b83133fa89caf32da854864af9b6c3d68c32659f2,a_north_maint_sparse,2026-06-21T15:23:56+00:00
study-a:a_north_maint_sparse:north-mini:sparse:generated_openapi_refresh:1,generated_openapi_refresh,maintenance_value,north-mini,opencode/north-mini-code-free,opencode,opencode-zen,sparse,1,north-mini-vs-gemma4-12b-2026-06-21-north-mini-maintenance_value-sparse,1,1,,1,1,0,14.904383833003521,eb97893897eca488e39801aa125eca88de7ccdb9598994d46a91aa1377264118,a_north_maint_sparse,2026-06-21T15:24:24+00:00
study-a:a_north_maint_sparse:north-mini:sparse:import_hygiene_fix:1,import_hygiene_fix,maintenance_value,north-mini,opencode/north-mini-code-free,opencode,opencode-zen,sparse,1,north-mini-vs-gemma4-12b-2026-06-21-north-mini-maintenance_value-sparse,1,1,,1,1,0,13.457425084001443,a1220e0fd4ce5e8aabc88dd4ad6ca336c3fc13647a853b2cf9a3ffa91ca22456,a_north_maint_sparse,2026-06-21T15:24:53+00:00
study-a:a_north_maint_sparse:north-mini:sparse:logger_warn_migration:1,logger_warn_migration,maintenance_value,north-mini,opencode/north-mini-code-free,opencode,opencode-zen,sparse,1,north-mini-vs-gemma4-12b-2026-06-21-north-mini-maintenance_value-sparse,1,1,,1,1,0,17.311623166999198,b0dc81f063b5b9b0d4651806814848ee08c80d5962460494b8d4007da6869545,a_north_maint_sparse,2026-06-21T15:25:22+00:00
study-a:a_north_maint_sparse:north-mini:sparse:regression_test_gap:1,regression_test_gap,maintenance_value,north-mini,opencode/north-mini-code-free,opencode,opencode-zen,sparse,1,north-mini-vs-gemma4-12b-2026-06-21-north-mini-maintenance_value-sparse,1,1,,1,1,0,11.500457666999864,c5490075303f22658dfef8513f9c58176a0560fce970444f96f361722c9f35ee,a_north_maint_sparse,2026-06-21T15:25:54+00:00
study-a:a_north_maint_sparse:north-mini:sparse:utcnow_timezone_migration:1,utcnow_timezone_migration,maintenance_value,north-mini,opencode/north-mini-code-free,opencode,opencode-zen,sparse,1,north-mini-vs-gemma4-12b-2026-06-21-north-mini-maintenance_value-sparse,1,1,,1,1,0,12.077492542000982,b97a814a7f8c879e695809672d68efd158e59b8392b8c1b11694b8831463ac6d,a_north_maint_sparse,2026-06-21T15:26:21+00:00
study-a:a_north_product_cv:north-mini:contract_visible:audit_log_redaction:1,audit_log_redaction,product_workflows,north-mini,opencode/north-mini-code-free,opencode,opencode-zen,contract_visible,1,north-mini-vs-gemma4-12b-2026-06-21-north-mini-product_workflows-contract_visible,1,1,,1,1,0,24.201979332996416,094c6610ca07a20bb9602280acbb8b972779e25357758f51e6233fc7276d119d,a_north_product_cv,2026-06-22T12:30:21+00:00
study-a:a_north_product_cv:north-mini:contract_visible:billing_proration:1,billing_proration,product_workflows,north-mini,opencode/north-mini-code-free,opencode,opencode-zen,contract_visible,1,north-mini-vs-gemma4-12b-2026-06-21-north-mini-product_workflows-contract_visible,1,1,,0,0,0,294.9026161250076,e3b0c44298fc1c149afbf4c8996fb92427ae41e4649b934ca495991b7852b855,a_north_product_cv,2026-06-22T12:31:00+00:00
study-a:a_north_product_cv:north-mini:contract_visible:bulk_invite_dedupe:1,bulk_invite_dedupe,product_workflows,north-mini,opencode/north-mini-code-free,opencode,opencode-zen,contract_visible,1,north-mini-vs-gemma4-12b-2026-06-21-north-mini-product_workflows-contract_visible,1,1,,1,0,1,22.35310045799997,c2831b78cc9c04d6a453519211262a23d19506333fe7f876a068a20fc0469c78,a_north_product_cv,2026-06-22T12:36:10+00:00
study-a:a_north_product_cv:north-mini:contract_visible:cart_discount_stack:1,cart_discount_stack,product_workflows,north-mini,opencode/north-mini-code-free,opencode,opencode-zen,contract_visible,1,north-mini-vs-gemma4-12b-2026-06-21-north-mini-product_workflows-contract_visible,1,1,,1,1,0,27.200553208007477,b4fdc46c43a6ae835b33690357c80a9713fc5da65032a86bccedaaa0dfeff9fd,a_north_product_cv,2026-06-22T12:36:48+00:00
study-a:a_north_product_cv:north-mini:contract_visible:feature_rollout_bucket:1,feature_rollout_bucket,product_workflows,north-mini,opencode/north-mini-code-free,opencode,opencode-zen,contract_visible,1,north-mini-vs-gemma4-12b-2026-06-21-north-mini-product_workflows-contract_visible,1,1,,1,1,0,37.781588665995514,fe608a36dc82f882e031444b42c6c934d9528f0b1a64d29e6c85bf343303f3d0,a_north_product_cv,2026-06-22T12:39:46+00:00
study-a:a_north_product_cv:north-mini:contract_visible:inventory_reservation_idempotency:1,inventory_reservation_idempotency,product_workflows,north-mini,opencode/north-mini-code-free,opencode,opencode-zen,contract_visible,1,north-mini-vs-gemma4-12b-2026-06-21-north-mini-product_workflows-contract_visible,1,1,,1,0,1,40.4592586249928,5aa7e1733f05061a19e0f121bc94a0e2dc864884d945b022f65a6084eeca728e,a_north_product_cv,2026-06-22T12:40:39+00:00
study-a:a_north_product_cv:north-mini:contract_visible:markdown_slug_collision:1,markdown_slug_collision,product_workflows,north-mini,opencode/north-mini-code-free,opencode,opencode-zen,contract_visible,1,north-mini-vs-gemma4-12b-2026-06-21-north-mini-product_workflows-contract_visible,1,1,,1,1,0,100.99692116699589,2fe6091841184c0de05f326e124565e5d2d0a079ff853aa3479f8f9b358fdd7d,a_north_product_cv,2026-06-22T12:41:35+00:00
study-a:a_north_product_cv:north-mini:contract_visible:search_ranking_stability:1,search_ranking_stability,product_workflows,north-mini,opencode/north-mini-code-free,opencode,opencode-zen,contract_visible,1,north-mini-vs-gemma4-12b-2026-06-21-north-mini-product_workflows-contract_visible,1,1,,0,0,0,275.1732922910014,b188bc40d01ff0e974e3739902b6b25c32d3aa76dc5c36ecfd8670b18dde4181,a_north_product_cv,2026-06-22T12:43:31+00:00
study-a:a_north_product_cv:north-mini:contract_visible:silent_exception_swallower:1,silent_exception_swallower,product_workflows,north-mini,opencode/north-mini-code-free,opencode,opencode-zen,contract_visible,1,north-mini-vs-gemma4-12b-2026-06-21-north-mini-product_workflows-contract_visible,1,1,,1,1,0,24.166147332987748,4990900c5e913643c2bde941f01806fb1bd03ac3b285d9db2ef4d7c4117c3b22,a_north_product_cv,2026-06-22T12:48:21+00:00
study-a:a_north_product_cv:north-mini:contract_visible:support_sla_business_hours:1,support_sla_business_hours,product_workflows,north-mini,opencode/north-mini-code-free,opencode,opencode-zen,contract_visible,1,north-mini-vs-gemma4-12b-2026-06-21-north-mini-product_workflows-contract_visible,1,1,,1,0,1,37.36732583399862,fd3c425192b3f5185eb3c111d03ebdda62c3e99a57818eebdc2156ab1acfe687,a_north_product_cv,2026-06-22T12:49:00+00:00
study-a:a_north_product_cv:north-mini:contract_visible:webhook_signature_raw_body:1,webhook_signature_raw_body,product_workflows,north-mini,opencode/north-mini-code-free,opencode,opencode-zen,contract_visible,1,north-mini-vs-gemma4-12b-2026-06-21-north-mini-product_workflows-contract_visible,1,1,,1,1,0,17.84719087499252,15e81419aa9a2d10c638205bc153fbde989a346e2a95dfd4d8e3766c664426e6,a_north_product_cv,2026-06-22T12:49:52+00:00
study-a:a_north_product_sparse:north-mini:sparse:audit_log_redaction:1,audit_log_redaction,product_workflows,north-mini,opencode/north-mini-code-free,opencode,opencode-zen,sparse,1,north-mini-vs-gemma4-12b-2026-06-21-north-mini-product_workflows-sparse,1,1,,1,0,1,8.541808582998783,5a96292204327a39dc2ac5bc00b96fd13ddbe386312e1f705953bed4fc7d428d,a_north_product_sparse,2026-06-21T15:34:46+00:00
study-a:a_north_product_sparse:north-mini:sparse:billing_proration:1,billing_proration,product_workflows,north-mini,opencode/north-mini-code-free,opencode,opencode-zen,sparse,1,north-mini-vs-gemma4-12b-2026-06-21-north-mini-product_workflows-sparse,1,1,,1,0,1,8.761141625000164,d57aafb255070754ea153b77dff342e9c7d4cc302f7c34e9af318b60965ffedd,a_north_product_sparse,2026-06-21T15:35:09+00:00
study-a:a_north_product_sparse:north-mini:sparse:bulk_invite_dedupe:1,bulk_invite_dedupe,product_workflows,north-mini,opencode/north-mini-code-free,opencode,opencode-zen,sparse,1,north-mini-vs-gemma4-12b-2026-06-21-north-mini-product_workflows-sparse,1,1,,1,0,1,12.42023241700008,659db860bd0bb34d8417450947fa452c6866219e806718430715fccd16f8237d,a_north_product_sparse,2026-06-21T15:35:33+00:00
study-a:a_north_product_sparse:north-mini:sparse:cart_discount_stack:1,cart_discount_stack,product_workflows,north-mini,opencode/north-mini-code-free,opencode,opencode-zen,sparse,1,north-mini-vs-gemma4-12b-2026-06-21-north-mini-product_workflows-sparse,1,1,,1,0,1,9.167476124999666,6bec24f8a894a6ae8813b68d6e8f7f30ff0c512910997fc74423401cd285d4f1,a_north_product_sparse,2026-06-21T15:36:00+00:00
study-a:a_north_product_sparse:north-mini:sparse:feature_rollout_bucket:1,feature_rollout_bucket,product_workflows,north-mini,opencode/north-mini-code-free,opencode,opencode-zen,sparse,1,north-mini-vs-gemma4-12b-2026-06-21-north-mini-product_workflows-sparse,1,1,,1,0,1,30.15731762499854,da62d8c577445f4dc91d6079a2247644a35ac64920637da6fbf0271c140fcb85,a_north_product_sparse,2026-06-21T15:36:25+00:00
study-a:a_north_product_sparse:north-mini:sparse:inventory_reservation_idempotency:1,inventory_reservation_idempotency,product_workflows,north-mini,opencode/north-mini-code-free,opencode,opencode-zen,sparse,1,north-mini-vs-gemma4-12b-2026-06-21-north-mini-product_workflows-sparse,1,1,,1,0,1,9.665037541999482,a7c6b0dbbd8a17a8900f70cbf6a73f592be2d9aa5faf6aca329c0b8cfb4d3e1d,a_north_product_sparse,2026-06-21T15:37:10+00:00
study-a:a_north_product_sparse:north-mini:sparse:markdown_slug_collision:1,markdown_slug_collision,product_workflows,north-mini,opencode/north-mini-code-free,opencode,opencode-zen,sparse,1,north-mini-vs-gemma4-12b-2026-06-21-north-mini-product_workflows-sparse,1,1,,1,0,1,15.333915458002593,7a3c1a4c35565a21ee475ecfc13582400b12e6dd2d273f1e263ee87ebdbfa594,a_north_product_sparse,2026-06-22T13:24:07+00:00
study-a:a_north_product_sparse:north-mini:sparse:search_ranking_stability:1,search_ranking_stability,product_workflows,north-mini,opencode/north-mini-code-free,opencode,opencode-zen,sparse,1,north-mini-vs-gemma4-12b-2026-06-21-north-mini-product_workflows-sparse,1,1,,1,0,1,20.409492375008995,8d20ad7010ee8554410802fc14c80823b837ba911280ce7a1da24ff3abedb350,a_north_product_sparse,2026-06-22T13:24:37+00:00
study-a:a_north_product_sparse:north-mini:sparse:silent_exception_swallower:1,silent_exception_swallower,product_workflows,north-mini,opencode/north-mini-code-free,opencode,opencode-zen,sparse,1,north-mini-vs-gemma4-12b-2026-06-21-north-mini-product_workflows-sparse,1,1,,0,0,0,228.68524133399478,e3b0c44298fc1c149afbf4c8996fb92427ae41e4649b934ca495991b7852b855,a_north_product_sparse,2026-06-22T13:25:13+00:00
study-a:a_north_product_sparse:north-mini:sparse:support_sla_business_hours:1,support_sla_business_hours,product_workflows,north-mini,opencode/north-mini-code-free,opencode,opencode-zen,sparse,1,north-mini-vs-gemma4-12b-2026-06-21-north-mini-product_workflows-sparse,1,1,,0,0,0,205.40248816700478,6bf3a1e1a7aab39a7a2128b47aca814b7e981458193e61df1d09838363c1f846,a_north_product_sparse,2026-06-22T13:29:16+00:00
study-a:a_north_product_sparse:north-mini:sparse:webhook_signature_raw_body:1,webhook_signature_raw_body,product_workflows,north-mini,opencode/north-mini-code-free,opencode,opencode-zen,sparse,1,north-mini-vs-gemma4-12b-2026-06-21-north-mini-product_workflows-sparse,1,1,,1,1,0,10.083311750000576,06f338caecd52155a462064718e3a8caa9e932cceb36c9b5c00fa1e7363f7447,a_north_product_sparse,2026-06-22T13:32:57+00:00
